CI: Test (ubuntu-latest, py3.14) | Set up job | Current runner version: '2.337.0'
CI: Test (ubuntu-latest, py3.14) | Set up job | ##[group]Runner Image Provisioner
CI: Test (ubuntu-latest, py3.14) | Set up job | Hosted Compute Agent
CI: Test (ubuntu-latest, py3.14) | Set up job | Version: 20261002.596
CI: Test (ubuntu-latest, py3.14) | Set up job | Commit: c3d12f3313a95f25162a1503be624f3b0617f8c0
CI: Test (ubuntu-latest, py3.14) | Set up job | Build Date: 2026-10-02T22:28:27Z
CI: Test (ubuntu-latest, py3.14) | Set up job | Worker ID: {741668ec-36e3-403c-b95d-1db3687f4c95}
CI: Test (ubuntu-latest, py3.14) | Set up job | Region: westus
CI: Test (ubuntu-latest, py3.14) | Set up job | Cloud: Azure
CI: Test (ubuntu-latest, py3.14) | Set up job | ##[endgroup]
CI: Test (ubuntu-latest, py3.14) | Set up job | ##[group]Operating System
CI: Test (ubuntu-latest, py3.14) | Set up job | Ubuntu
CI: Test (ubuntu-latest, py3.14) | Set up job | 24.04.5
CI: Test (ubuntu-latest, py3.14) | Set up job | LTS
CI: Test (ubuntu-latest, py3.14) | Set up job | ##[endgroup]
CI: Test (ubuntu-latest, py3.14) | Set up job | ##[group]Runner Image
CI: Test (ubuntu-latest, py3.14) | Set up job | Image: ubuntu-24.04
CI: Test (ubuntu-latest, py3.14) | Set up job | Version: 20261004.327.1
CI: Test (ubuntu-latest, py3.14) | Set up job | Included Software: https://github.com/actions/runner-images/blob/ubuntu24/20261004.327/images/ubuntu/Ubuntu2404-Readme.md
CI: Test (ubuntu-latest, py3.14) | Set up job | Image Release: https://github.com/actions/runner-images/releases/tag/ubuntu24%2F20261004.327
CI: Test (ubuntu-latest, py3.14) | Set up job | ##[endgroup]
CI: Test (ubuntu-latest, py3.14) | Set up job | ##[group]GITHUB_TOKEN Permissions
CI: Test (ubuntu-latest, py3.14) | Set up job | Contents: read
CI: Test (ubuntu-latest, py3.14) | Set up job | Metadata: read
CI: Test (ubuntu-latest, py3.14) | Set up job | ##[endgroup]
CI: Test (ubuntu-latest, py3.14) | Set up job | Secret source: Actions
CI: Test (ubuntu-latest, py3.14) | Set up job | Cache mode: write
CI: Test (ubuntu-latest, py3.14) | Set up job | Prepare workflow directory
CI: Test (ubuntu-latest, py3.14) | Set up job | Prepare all required actions
CI: Test (ubuntu-latest, py3.14) | Set up job | Getting action download info
CI: Test (ubuntu-latest, py3.14) | Set up job | Download action repository 'actions/checkout@v7' (SHA:3d3c42e5aac5ba805825da76410c181273ba90b1)
CI: Test (ubuntu-latest, py3.14) | Set up job | Download action repository 'actions/setup-python@v7' (SHA:5fda3b95a4ea91299a34e894583c3862153e4b97)
CI: Test (ubuntu-latest, py3.14) | Set up job | Download action repository 'actions/upload-artifact@v7' (SHA:cf430e030ddbb5b0abf93d22962f4752f3646cd9)
CI: Test (ubuntu-latest, py3.14) | Set up job | Complete job name: CI: Test (ubuntu-latest, py3.14)
CI: Test (ubuntu-latest, py3.14) | Checkout source code | ##[group]Run actions/checkout@v7
CI: Test (ubuntu-latest, py3.14) | Checkout source code | with:
CI: Test (ubuntu-latest, py3.14) | Checkout source code |   repository: Astro-Dude/devops-assignments
CI: Test (ubuntu-latest, py3.14) | Checkout source code |   token: ***
CI: Test (ubuntu-latest, py3.14) | Checkout source code |   ssh-strict: true
CI: Test (ubuntu-latest, py3.14) | Checkout source code |   ssh-user: git
CI: Test (ubuntu-latest, py3.14) | Checkout source code |   persist-credentials: true
CI: Test (ubuntu-latest, py3.14) | Checkout source code |   clean: true
CI: Test (ubuntu-latest, py3.14) | Checkout source code |   sparse-checkout-cone-mode: true
CI: Test (ubuntu-latest, py3.14) | Checkout source code |   fetch-depth: 1
CI: Test (ubuntu-latest, py3.14) | Checkout source code |   fetch-tags: false
CI: Test (ubuntu-latest, py3.14) | Checkout source code |   show-progress: true
CI: Test (ubuntu-latest, py3.14) | Checkout source code |   lfs: false
CI: Test (ubuntu-latest, py3.14) | Checkout source code |   submodules: false
CI: Test (ubuntu-latest, py3.14) | Checkout source code |   set-safe-directory: true
CI: Test (ubuntu-latest, py3.14) | Checkout source code |   allow-unsafe-pr-checkout: false
CI: Test (ubuntu-latest, py3.14) | Checkout source code | env:
CI: Test (ubuntu-latest, py3.14) | Checkout source code |   APP_DIR: DevOps/16-github-actions
CI: Test (ubuntu-latest, py3.14) | Checkout source code |   IMAGE_NAME: ghcr.io/astro-dude/devops-assignments/s16-calculator
CI: Test (ubuntu-latest, py3.14) | Checkout source code | ##[endgroup]
CI: Test (ubuntu-latest, py3.14) | Checkout source code | Syncing repository: Astro-Dude/devops-assignments
CI: Test (ubuntu-latest, py3.14) | Checkout source code | ##[group]Getting Git version info
CI: Test (ubuntu-latest, py3.14) | Checkout source code | Working directory is '/home/runner/work/devops-assignments/devops-assignments'
CI: Test (ubuntu-latest, py3.14) | Checkout source code | [command]/usr/bin/git version
CI: Test (ubuntu-latest, py3.14) | Checkout source code | git version 2.55.0
CI: Test (ubuntu-latest, py3.14) | Checkout source code | ##[endgroup]
CI: Test (ubuntu-latest, py3.14) | Checkout source code | Temporarily overriding HOME='/home/runner/work/_temp/d9144a87-32f0-4e2f-8241-44befaf0ad2f' before making global git config changes
CI: Test (ubuntu-latest, py3.14) | Checkout source code | Adding repository directory to the temporary git global config as a safe directory
CI: Test (ubuntu-latest, py3.14) | Checkout source code | [command]/usr/bin/git config --global --add safe.directory /home/runner/work/devops-assignments/devops-assignments
CI: Test (ubuntu-latest, py3.14) | Checkout source code | Deleting the contents of '/home/runner/work/devops-assignments/devops-assignments'
CI: Test (ubuntu-latest, py3.14) | Checkout source code | ##[group]Determining repository object format
CI: Test (ubuntu-latest, py3.14) | Checkout source code | ##[endgroup]
CI: Test (ubuntu-latest, py3.14) | Checkout source code | ##[group]Initializing the repository
CI: Test (ubuntu-latest, py3.14) | Checkout source code | [command]/usr/bin/git init /home/runner/work/devops-assignments/devops-assignments
CI: Test (ubuntu-latest, py3.14) | Checkout source code | hint: Using 'master' as the name for the initial branch. This default branch name
CI: Test (ubuntu-latest, py3.14) | Checkout source code | hint: will change to "main" in Git 3.0. To configure the initial branch name
CI: Test (ubuntu-latest, py3.14) | Checkout source code | hint: to use in all of your new repositories, which will suppress this warning,
CI: Test (ubuntu-latest, py3.14) | Checkout source code | hint: call:
CI: Test (ubuntu-latest, py3.14) | Checkout source code | hint:
CI: Test (ubuntu-latest, py3.14) | Checkout source code | hint: 	git config --global init.defaultBranch <name>
CI: Test (ubuntu-latest, py3.14) | Checkout source code | hint:
CI: Test (ubuntu-latest, py3.14) | Checkout source code | hint: Names commonly chosen instead of 'master' are 'main', 'trunk' and
CI: Test (ubuntu-latest, py3.14) | Checkout source code | hint: 'development'. The just-created branch can be renamed via this command:
CI: Test (ubuntu-latest, py3.14) | Checkout source code | hint:
CI: Test (ubuntu-latest, py3.14) | Checkout source code | hint: 	git branch -m <name>
CI: Test (ubuntu-latest, py3.14) | Checkout source code | hint:
CI: Test (ubuntu-latest, py3.14) | Checkout source code | hint: Disable this message with "git config set advice.defaultBranchName false"
CI: Test (ubuntu-latest, py3.14) | Checkout source code | Initialized empty Git repository in /home/runner/work/devops-assignments/devops-assignments/.git/
CI: Test (ubuntu-latest, py3.14) | Checkout source code | [command]/usr/bin/git remote add origin https://github.com/Astro-Dude/devops-assignments
CI: Test (ubuntu-latest, py3.14) | Checkout source code | ##[endgroup]
CI: Test (ubuntu-latest, py3.14) | Checkout source code | ##[group]Disabling automatic garbage collection
CI: Test (ubuntu-latest, py3.14) | Checkout source code | [command]/usr/bin/git config --local gc.auto 0
CI: Test (ubuntu-latest, py3.14) | Checkout source code | ##[endgroup]
CI: Test (ubuntu-latest, py3.14) | Checkout source code | ##[group]Setting up auth
CI: Test (ubuntu-latest, py3.14) | Checkout source code | Removing SSH command configuration
CI: Test (ubuntu-latest, py3.14) | Checkout source code | [command]/usr/bin/git config --local --name-only --get-regexp core\.sshCommand
CI: Test (ubuntu-latest, py3.14) | Checkout source code | [command]/usr/bin/git submodule foreach --recursive sh -c "git config --local --name-only --get-regexp 'core\.sshCommand' && git config --local --unset-all 'core.sshCommand' || :"
CI: Test (ubuntu-latest, py3.14) | Checkout source code | Removing HTTP extra header
CI: Test (ubuntu-latest, py3.14) | Checkout source code | [command]/usr/bin/git config --local --name-only --get-regexp http\.https\:\/\/github\.com\/\.extraheader
CI: Test (ubuntu-latest, py3.14) | Checkout source code | [command]/usr/bin/git submodule foreach --recursive sh -c "git config --local --name-only --get-regexp 'http\.https\:\/\/github\.com\/\.extraheader' && git config --local --unset-all 'http.https://github.com/.extraheader' || :"
CI: Test (ubuntu-latest, py3.14) | Checkout source code | Removing includeIf entries pointing to credentials config files
CI: Test (ubuntu-latest, py3.14) | Checkout source code | [command]/usr/bin/git config --local --name-only --get-regexp ^includeIf\.gitdir:
CI: Test (ubuntu-latest, py3.14) | Checkout source code | [command]/usr/bin/git submodule foreach --recursive git config --local --show-origin --name-only --get-regexp remote.origin.url
CI: Test (ubuntu-latest, py3.14) | Checkout source code | [command]/usr/bin/git config --file /home/runner/work/_temp/git-credentials-903a1e4c-fb9a-4aab-9e4e-ef84e8662899.config http.https://github.com/.extraheader AUTHORIZATION: basic ***
CI: Test (ubuntu-latest, py3.14) | Checkout source code | [command]/usr/bin/git config --local includeIf.gitdir:/home/runner/work/devops-assignments/devops-assignments/.git.path /home/runner/work/_temp/git-credentials-903a1e4c-fb9a-4aab-9e4e-ef84e8662899.config
CI: Test (ubuntu-latest, py3.14) | Checkout source code | [command]/usr/bin/git config --local includeIf.gitdir:/home/runner/work/devops-assignments/devops-assignments/.git/worktrees/*.path /home/runner/work/_temp/git-credentials-903a1e4c-fb9a-4aab-9e4e-ef84e8662899.config
CI: Test (ubuntu-latest, py3.14) | Checkout source code | [command]/usr/bin/git config --local includeIf.gitdir:/github/workspace/.git.path /github/runner_temp/git-credentials-903a1e4c-fb9a-4aab-9e4e-ef84e8662899.config
CI: Test (ubuntu-latest, py3.14) | Checkout source code | [command]/usr/bin/git config --local includeIf.gitdir:/github/workspace/.git/worktrees/*.path /github/runner_temp/git-credentials-903a1e4c-fb9a-4aab-9e4e-ef84e8662899.config
CI: Test (ubuntu-latest, py3.14) | Checkout source code | ##[endgroup]
CI: Test (ubuntu-latest, py3.14) | Checkout source code | ##[group]Fetching the repository
CI: Test (ubuntu-latest, py3.14) | Checkout source code | [command]/usr/bin/git -c protocol.version=2 fetch --no-tags --prune --no-recurse-submodules --depth=1 origin +aad6094c7b9df37c04216f70746f4700b94e49bd:refs/remotes/origin/main
CI: Test (ubuntu-latest, py3.14) | Checkout source code | From https://github.com/Astro-Dude/devops-assignments
CI: Test (ubuntu-latest, py3.14) | Checkout source code |  * [new ref]         aad6094c7b9df37c04216f70746f4700b94e49bd -> origin/main
CI: Test (ubuntu-latest, py3.14) | Checkout source code | [command]/usr/bin/git branch --list --remote origin/main
CI: Test (ubuntu-latest, py3.14) | Checkout source code |   origin/main
CI: Test (ubuntu-latest, py3.14) | Checkout source code | [command]/usr/bin/git rev-parse refs/remotes/origin/main
CI: Test (ubuntu-latest, py3.14) | Checkout source code | aad6094c7b9df37c04216f70746f4700b94e49bd
CI: Test (ubuntu-latest, py3.14) | Checkout source code | ##[endgroup]
CI: Test (ubuntu-latest, py3.14) | Checkout source code | ##[group]Determining the checkout info
CI: Test (ubuntu-latest, py3.14) | Checkout source code | ##[endgroup]
CI: Test (ubuntu-latest, py3.14) | Checkout source code | [command]/usr/bin/git sparse-checkout disable
CI: Test (ubuntu-latest, py3.14) | Checkout source code | [command]/usr/bin/git config --local --unset-all extensions.worktreeConfig
CI: Test (ubuntu-latest, py3.14) | Checkout source code | ##[group]Checking out the ref
CI: Test (ubuntu-latest, py3.14) | Checkout source code | [command]/usr/bin/git checkout --progress --force -B main refs/remotes/origin/main
CI: Test (ubuntu-latest, py3.14) | Checkout source code | Switched to a new branch 'main'
CI: Test (ubuntu-latest, py3.14) | Checkout source code | branch 'main' set up to track 'origin/main'.
CI: Test (ubuntu-latest, py3.14) | Checkout source code | ##[endgroup]
CI: Test (ubuntu-latest, py3.14) | Checkout source code | [command]/usr/bin/git log -1 --format=%H
CI: Test (ubuntu-latest, py3.14) | Checkout source code | aad6094c7b9df37c04216f70746f4700b94e49bd
CI: Test (ubuntu-latest, py3.14) | Show runner details | ##[group]Run echo "Runner name : $RUNNER_NAME"
CI: Test (ubuntu-latest, py3.14) | Show runner details | echo "Runner name : $RUNNER_NAME"
CI: Test (ubuntu-latest, py3.14) | Show runner details | echo "Runner OS   : $RUNNER_OS ($RUNNER_ARCH)"
CI: Test (ubuntu-latest, py3.14) | Show runner details | echo "Image       : ${ImageOS:-n/a} ${ImageVersion:-}"
CI: Test (ubuntu-latest, py3.14) | Show runner details | echo "Workspace   : $GITHUB_WORKSPACE"
CI: Test (ubuntu-latest, py3.14) | Show runner details | echo "Triggered by: $GITHUB_EVENT_NAME on $GITHUB_REF by $GITHUB_ACTOR (run $GITHUB_RUN_ID, attempt $GITHUB_RUN_ATTEMPT)"
CI: Test (ubuntu-latest, py3.14) | Show runner details | shell: /usr/bin/bash --noprofile --norc -e -o pipefail {0}
CI: Test (ubuntu-latest, py3.14) | Show runner details | env:
CI: Test (ubuntu-latest, py3.14) | Show runner details |   APP_DIR: DevOps/16-github-actions
CI: Test (ubuntu-latest, py3.14) | Show runner details |   IMAGE_NAME: ghcr.io/astro-dude/devops-assignments/s16-calculator
CI: Test (ubuntu-latest, py3.14) | Show runner details | ##[endgroup]
CI: Test (ubuntu-latest, py3.14) | Show runner details | Runner name : GitHub Actions 1000001552
CI: Test (ubuntu-latest, py3.14) | Show runner details | Runner OS   : Linux (X64)
CI: Test (ubuntu-latest, py3.14) | Show runner details | Image       : ubuntu24 20261004.327.1
CI: Test (ubuntu-latest, py3.14) | Show runner details | Workspace   : /home/runner/work/devops-assignments/devops-assignments
CI: Test (ubuntu-latest, py3.14) | Show runner details | Triggered by: push on refs/heads/main by Astro-Dude (run 37627185543, attempt 1)
CI: Test (ubuntu-latest, py3.14) | Setup Python 3.14 | ##[group]Run actions/setup-python@v7
CI: Test (ubuntu-latest, py3.14) | Setup Python 3.14 | with:
CI: Test (ubuntu-latest, py3.14) | Setup Python 3.14 |   python-version: 3.14
CI: Test (ubuntu-latest, py3.14) | Setup Python 3.14 |   cache: pip
CI: Test (ubuntu-latest, py3.14) | Setup Python 3.14 |   cache-dependency-path: DevOps/16-github-actions/requirements*.txt
CI: Test (ubuntu-latest, py3.14) | Setup Python 3.14 |   check-latest: false
CI: Test (ubuntu-latest, py3.14) | Setup Python 3.14 |   token: ***
CI: Test (ubuntu-latest, py3.14) | Setup Python 3.14 |   update-environment: true
CI: Test (ubuntu-latest, py3.14) | Setup Python 3.14 |   allow-prereleases: false
CI: Test (ubuntu-latest, py3.14) | Setup Python 3.14 |   freethreaded: false
CI: Test (ubuntu-latest, py3.14) | Setup Python 3.14 | env:
CI: Test (ubuntu-latest, py3.14) | Setup Python 3.14 |   APP_DIR: DevOps/16-github-actions
CI: Test (ubuntu-latest, py3.14) | Setup Python 3.14 |   IMAGE_NAME: ghcr.io/astro-dude/devops-assignments/s16-calculator
CI: Test (ubuntu-latest, py3.14) | Setup Python 3.14 | ##[endgroup]
CI: Test (ubuntu-latest, py3.14) | Setup Python 3.14 | ##[group]Installed versions
CI: Test (ubuntu-latest, py3.14) | Setup Python 3.14 | Successfully set up CPython (3.14.8)
CI: Test (ubuntu-latest, py3.14) | Setup Python 3.14 | ##[endgroup]
CI: Test (ubuntu-latest, py3.14) | Setup Python 3.14 | [command]/opt/hostedtoolcache/Python/3.14.8/x64/bin/pip cache dir
CI: Test (ubuntu-latest, py3.14) | Setup Python 3.14 | /home/runner/.cache/pip
CI: Test (ubuntu-latest, py3.14) | Setup Python 3.14 | pip cache is not found
CI: Test (ubuntu-latest, py3.14) | Install dependencies | ##[group]Run python --version
CI: Test (ubuntu-latest, py3.14) | Install dependencies | python --version
CI: Test (ubuntu-latest, py3.14) | Install dependencies | python -m pip install --upgrade pip
CI: Test (ubuntu-latest, py3.14) | Install dependencies | pip install -r requirements-dev.txt
CI: Test (ubuntu-latest, py3.14) | Install dependencies | shell: /usr/bin/bash --noprofile --norc -e -o pipefail {0}
CI: Test (ubuntu-latest, py3.14) | Install dependencies | env:
CI: Test (ubuntu-latest, py3.14) | Install dependencies |   APP_DIR: DevOps/16-github-actions
CI: Test (ubuntu-latest, py3.14) | Install dependencies |   IMAGE_NAME: ghcr.io/astro-dude/devops-assignments/s16-calculator
CI: Test (ubuntu-latest, py3.14) | Install dependencies |   pythonLocation: /opt/hostedtoolcache/Python/3.14.8/x64
CI: Test (ubuntu-latest, py3.14) | Install dependencies |   PKG_CONFIG_PATH: /opt/hostedtoolcache/Python/3.14.8/x64/lib/pkgconfig
CI: Test (ubuntu-latest, py3.14) | Install dependencies |   Python_ROOT_DIR: /opt/hostedtoolcache/Python/3.14.8/x64
CI: Test (ubuntu-latest, py3.14) | Install dependencies |   Python2_ROOT_DIR: /opt/hostedtoolcache/Python/3.14.8/x64
CI: Test (ubuntu-latest, py3.14) | Install dependencies |   Python3_ROOT_DIR: /opt/hostedtoolcache/Python/3.14.8/x64
CI: Test (ubuntu-latest, py3.14) | Install dependencies |   LD_LIBRARY_PATH: /opt/hostedtoolcache/Python/3.14.8/x64/lib
CI: Test (ubuntu-latest, py3.14) | Install dependencies | ##[endgroup]
CI: Test (ubuntu-latest, py3.14) | Install dependencies | Python 3.14.8
CI: Test (ubuntu-latest, py3.14) | Install dependencies | Requirement already satisfied: pip in /opt/hostedtoolcache/Python/3.14.8/x64/lib/python3.14/site-packages (26.2.1)
CI: Test (ubuntu-latest, py3.14) | Install dependencies | Collecting flask==3.1.3 (from -r /home/runner/work/devops-assignments/devops-assignments/DevOps/16-github-actions/requirements.txt (line 1))
CI: Test (ubuntu-latest, py3.14) | Install dependencies |   Downloading flask-3.1.3-py3-none-any.whl.metadata (3.2 kB)
CI: Test (ubuntu-latest, py3.14) | Install dependencies | Collecting gunicorn==26.2.0 (from -r /home/runner/work/devops-assignments/devops-assignments/DevOps/16-github-actions/requirements.txt (line 2))
CI: Test (ubuntu-latest, py3.14) | Install dependencies |   Downloading gunicorn-26.2.0-py3-none-any.whl.metadata (5.5 kB)
CI: Test (ubuntu-latest, py3.14) | Install dependencies | Collecting pytest==9.1.1 (from -r requirements-dev.txt (line 2))
CI: Test (ubuntu-latest, py3.14) | Install dependencies |   Downloading pytest-9.1.1-py3-none-any.whl.metadata (7.6 kB)
CI: Test (ubuntu-latest, py3.14) | Install dependencies | Collecting pytest-cov==7.1.0 (from -r requirements-dev.txt (line 3))
CI: Test (ubuntu-latest, py3.14) | Install dependencies |   Downloading pytest_cov-7.1.0-py3-none-any.whl.metadata (32 kB)
CI: Test (ubuntu-latest, py3.14) | Install dependencies | Collecting blinker>=1.9.0 (from flask==3.1.3->-r /home/runner/work/devops-assignments/devops-assignments/DevOps/16-github-actions/requirements.txt (line 1))
CI: Test (ubuntu-latest, py3.14) | Install dependencies |   Downloading blinker-1.9.0-py3-none-any.whl.metadata (1.6 kB)
CI: Test (ubuntu-latest, py3.14) | Install dependencies | Collecting click>=8.1.3 (from flask==3.1.3->-r /home/runner/work/devops-assignments/devops-assignments/DevOps/16-github-actions/requirements.txt (line 1))
CI: Test (ubuntu-latest, py3.14) | Install dependencies |   Downloading click-8.5.0-py3-none-any.whl.metadata (2.6 kB)
CI: Test (ubuntu-latest, py3.14) | Install dependencies | Collecting itsdangerous>=2.2.0 (from flask==3.1.3->-r /home/runner/work/devops-assignments/devops-assignments/DevOps/16-github-actions/requirements.txt (line 1))
CI: Test (ubuntu-latest, py3.14) | Install dependencies |   Downloading itsdangerous-2.2.0-py3-none-any.whl.metadata (1.9 kB)
CI: Test (ubuntu-latest, py3.14) | Install dependencies | Collecting jinja2>=3.1.2 (from flask==3.1.3->-r /home/runner/work/devops-assignments/devops-assignments/DevOps/16-github-actions/requirements.txt (line 1))
CI: Test (ubuntu-latest, py3.14) | Install dependencies |   Downloading jinja2-3.1.6-py3-none-any.whl.metadata (2.9 kB)
CI: Test (ubuntu-latest, py3.14) | Install dependencies | Collecting markupsafe>=2.1.1 (from flask==3.1.3->-r /home/runner/work/devops-assignments/devops-assignments/DevOps/16-github-actions/requirements.txt (line 1))
CI: Test (ubuntu-latest, py3.14) | Install dependencies |   Downloading markupsafe-3.0.4-cp314-cp314-manylinux2014_x86_64.manylinux_2_17_x86_64.manylinux_2_28_x86_64.whl.metadata (2.7 kB)
CI: Test (ubuntu-latest, py3.14) | Install dependencies | Collecting werkzeug>=3.1.0 (from flask==3.1.3->-r /home/runner/work/devops-assignments/devops-assignments/DevOps/16-github-actions/requirements.txt (line 1))
CI: Test (ubuntu-latest, py3.14) | Install dependencies |   Downloading werkzeug-3.1.9-py3-none-any.whl.metadata (4.1 kB)
CI: Test (ubuntu-latest, py3.14) | Install dependencies | Collecting iniconfig>=1.0.1 (from pytest==9.1.1->-r requirements-dev.txt (line 2))
CI: Test (ubuntu-latest, py3.14) | Install dependencies |   Downloading iniconfig-2.3.1-py3-none-any.whl.metadata (2.8 kB)
CI: Test (ubuntu-latest, py3.14) | Install dependencies | Collecting packaging>=22 (from pytest==9.1.1->-r requirements-dev.txt (line 2))
CI: Test (ubuntu-latest, py3.14) | Install dependencies |   Downloading packaging-26.3-py3-none-any.whl.metadata (3.5 kB)
CI: Test (ubuntu-latest, py3.14) | Install dependencies | Collecting pluggy<2,>=1.5 (from pytest==9.1.1->-r requirements-dev.txt (line 2))
CI: Test (ubuntu-latest, py3.14) | Install dependencies |   Downloading pluggy-1.6.0-py3-none-any.whl.metadata (4.8 kB)
CI: Test (ubuntu-latest, py3.14) | Install dependencies | Collecting pygments>=2.7.2 (from pytest==9.1.1->-r requirements-dev.txt (line 2))
CI: Test (ubuntu-latest, py3.14) | Install dependencies |   Downloading pygments-2.21.0-py3-none-any.whl.metadata (2.5 kB)
CI: Test (ubuntu-latest, py3.14) | Install dependencies | Collecting coverage>=7.10.6 (from coverage[toml]>=7.10.6->pytest-cov==7.1.0->-r requirements-dev.txt (line 3))
CI: Test (ubuntu-latest, py3.14) | Install dependencies |   Downloading coverage-7.16.2-cp314-cp314-manylinux1_x86_64.manylinux_2_28_x86_64.manylinux_2_5_x86_64.whl.metadata (8.2 kB)
CI: Test (ubuntu-latest, py3.14) | Install dependencies | Downloading flask-3.1.3-py3-none-any.whl (103 kB)
CI: Test (ubuntu-latest, py3.14) | Install dependencies | Downloading gunicorn-26.2.0-py3-none-any.whl (228 kB)
CI: Test (ubuntu-latest, py3.14) | Install dependencies | Downloading pytest-9.1.1-py3-none-any.whl (386 kB)
CI: Test (ubuntu-latest, py3.14) | Install dependencies | Downloading pytest_cov-7.1.0-py3-none-any.whl (22 kB)
CI: Test (ubuntu-latest, py3.14) | Install dependencies | Downloading pluggy-1.6.0-py3-none-any.whl (20 kB)
CI: Test (ubuntu-latest, py3.14) | Install dependencies | Downloading blinker-1.9.0-py3-none-any.whl (8.5 kB)
CI: Test (ubuntu-latest, py3.14) | Install dependencies | Downloading click-8.5.0-py3-none-any.whl (125 kB)
CI: Test (ubuntu-latest, py3.14) | Install dependencies | Downloading coverage-7.16.2-cp314-cp314-manylinux1_x86_64.manylinux_2_28_x86_64.manylinux_2_5_x86_64.whl (258 kB)
CI: Test (ubuntu-latest, py3.14) | Install dependencies | Downloading iniconfig-2.3.1-py3-none-any.whl (7.6 kB)
CI: Test (ubuntu-latest, py3.14) | Install dependencies | Downloading itsdangerous-2.2.0-py3-none-any.whl (16 kB)
CI: Test (ubuntu-latest, py3.14) | Install dependencies | Downloading jinja2-3.1.6-py3-none-any.whl (134 kB)
CI: Test (ubuntu-latest, py3.14) | Install dependencies | Downloading markupsafe-3.0.4-cp314-cp314-manylinux2014_x86_64.manylinux_2_17_x86_64.manylinux_2_28_x86_64.whl (23 kB)
CI: Test (ubuntu-latest, py3.14) | Install dependencies | Downloading packaging-26.3-py3-none-any.whl (129 kB)
CI: Test (ubuntu-latest, py3.14) | Install dependencies | Downloading pygments-2.21.0-py3-none-any.whl (1.3 MB)
CI: Test (ubuntu-latest, py3.14) | Install dependencies |    ━━━━━━━━━━━━━━━━━━━━━━━━━━━━━━━━━━━━━━━━ 1.3/1.3 MB 110.8 MB/s  0:00:00
CI: Test (ubuntu-latest, py3.14) | Install dependencies | Downloading werkzeug-3.1.9-py3-none-any.whl (228 kB)
CI: Test (ubuntu-latest, py3.14) | Install dependencies | Installing collected packages: pygments, pluggy, packaging, markupsafe, itsdangerous, iniconfig, gunicorn, coverage, click, blinker, werkzeug, pytest, jinja2, pytest-cov, flask
CI: Test (ubuntu-latest, py3.14) | Install dependencies | 
CI: Test (ubuntu-latest, py3.14) | Install dependencies | Successfully installed blinker-1.9.0 click-8.5.0 coverage-7.16.2 flask-3.1.3 gunicorn-26.2.0 iniconfig-2.3.1 itsdangerous-2.2.0 jinja2-3.1.6 markupsafe-3.0.4 packaging-26.3 pluggy-1.6.0 pygments-2.21.0 pytest-9.1.1 pytest-cov-7.1.0 werkzeug-3.1.9
CI: Test (ubuntu-latest, py3.14) | Run unit tests with coverage | ##[group]Run mkdir -p reports
CI: Test (ubuntu-latest, py3.14) | Run unit tests with coverage | mkdir -p reports
CI: Test (ubuntu-latest, py3.14) | Run unit tests with coverage | pytest -v \
CI: Test (ubuntu-latest, py3.14) | Run unit tests with coverage |   --junitxml=reports/junit.xml \
CI: Test (ubuntu-latest, py3.14) | Run unit tests with coverage |   --cov --cov-report=term \
CI: Test (ubuntu-latest, py3.14) | Run unit tests with coverage |   --cov-report=xml:reports/coverage.xml \
CI: Test (ubuntu-latest, py3.14) | Run unit tests with coverage |   --cov-report=html:reports/htmlcov \
CI: Test (ubuntu-latest, py3.14) | Run unit tests with coverage |   --cov-fail-under=90
CI: Test (ubuntu-latest, py3.14) | Run unit tests with coverage | shell: /usr/bin/bash --noprofile --norc -e -o pipefail {0}
CI: Test (ubuntu-latest, py3.14) | Run unit tests with coverage | env:
CI: Test (ubuntu-latest, py3.14) | Run unit tests with coverage |   APP_DIR: DevOps/16-github-actions
CI: Test (ubuntu-latest, py3.14) | Run unit tests with coverage |   IMAGE_NAME: ghcr.io/astro-dude/devops-assignments/s16-calculator
CI: Test (ubuntu-latest, py3.14) | Run unit tests with coverage |   pythonLocation: /opt/hostedtoolcache/Python/3.14.8/x64
CI: Test (ubuntu-latest, py3.14) | Run unit tests with coverage |   PKG_CONFIG_PATH: /opt/hostedtoolcache/Python/3.14.8/x64/lib/pkgconfig
CI: Test (ubuntu-latest, py3.14) | Run unit tests with coverage |   Python_ROOT_DIR: /opt/hostedtoolcache/Python/3.14.8/x64
CI: Test (ubuntu-latest, py3.14) | Run unit tests with coverage |   Python2_ROOT_DIR: /opt/hostedtoolcache/Python/3.14.8/x64
CI: Test (ubuntu-latest, py3.14) | Run unit tests with coverage |   Python3_ROOT_DIR: /opt/hostedtoolcache/Python/3.14.8/x64
CI: Test (ubuntu-latest, py3.14) | Run unit tests with coverage |   LD_LIBRARY_PATH: /opt/hostedtoolcache/Python/3.14.8/x64/lib
CI: Test (ubuntu-latest, py3.14) | Run unit tests with coverage | ##[endgroup]
CI: Test (ubuntu-latest, py3.14) | Run unit tests with coverage | ============================= test session starts ==============================
CI: Test (ubuntu-latest, py3.14) | Run unit tests with coverage | platform linux -- Python 3.14.8, pytest-9.1.1, pluggy-1.6.0 -- /opt/hostedtoolcache/Python/3.14.8/x64/bin/python
CI: Test (ubuntu-latest, py3.14) | Run unit tests with coverage | cachedir: .pytest_cache
CI: Test (ubuntu-latest, py3.14) | Run unit tests with coverage | rootdir: /home/runner/work/devops-assignments/devops-assignments/DevOps/16-github-actions
CI: Test (ubuntu-latest, py3.14) | Run unit tests with coverage | configfile: pytest.ini
CI: Test (ubuntu-latest, py3.14) | Run unit tests with coverage | testpaths: tests
CI: Test (ubuntu-latest, py3.14) | Run unit tests with coverage | plugins: cov-7.1.0
CI: Test (ubuntu-latest, py3.14) | Run unit tests with coverage | collecting ... collected 16 items
CI: Test (ubuntu-latest, py3.14) | Run unit tests with coverage | 
CI: Test (ubuntu-latest, py3.14) | Run unit tests with coverage | tests/test_api.py::test_health PASSED                                    [  6%]
CI: Test (ubuntu-latest, py3.14) | Run unit tests with coverage | tests/test_api.py::test_index_lists_operations PASSED                    [ 12%]
CI: Test (ubuntu-latest, py3.14) | Run unit tests with coverage | tests/test_api.py::test_operations[add-2-3-5] PASSED                     [ 18%]
CI: Test (ubuntu-latest, py3.14) | Run unit tests with coverage | tests/test_api.py::test_operations[subtract-9-4-5] PASSED                [ 25%]
CI: Test (ubuntu-latest, py3.14) | Run unit tests with coverage | tests/test_api.py::test_operations[multiply-6-7-42] PASSED               [ 31%]
CI: Test (ubuntu-latest, py3.14) | Run unit tests with coverage | tests/test_api.py::test_operations[divide-9-2-4.5] PASSED                [ 37%]
CI: Test (ubuntu-latest, py3.14) | Run unit tests with coverage | tests/test_api.py::test_divide_by_zero_returns_400 PASSED                [ 43%]
CI: Test (ubuntu-latest, py3.14) | Run unit tests with coverage | tests/test_api.py::test_unknown_operation_returns_404 PASSED             [ 50%]
CI: Test (ubuntu-latest, py3.14) | Run unit tests with coverage | tests/test_api.py::test_missing_parameter_returns_400 PASSED             [ 56%]
CI: Test (ubuntu-latest, py3.14) | Run unit tests with coverage | tests/test_api.py::test_non_numeric_parameter_returns_400 PASSED         [ 62%]
CI: Test (ubuntu-latest, py3.14) | Run unit tests with coverage | tests/test_calculator.py::test_add PASSED                                [ 68%]
CI: Test (ubuntu-latest, py3.14) | Run unit tests with coverage | tests/test_calculator.py::test_add_negative PASSED                       [ 75%]
CI: Test (ubuntu-latest, py3.14) | Run unit tests with coverage | tests/test_calculator.py::test_subtract PASSED                           [ 81%]
CI: Test (ubuntu-latest, py3.14) | Run unit tests with coverage | tests/test_calculator.py::test_multiply PASSED                           [ 87%]
CI: Test (ubuntu-latest, py3.14) | Run unit tests with coverage | tests/test_calculator.py::test_divide PASSED                             [ 93%]
CI: Test (ubuntu-latest, py3.14) | Run unit tests with coverage | tests/test_calculator.py::test_divide_by_zero PASSED                     [100%]
CI: Test (ubuntu-latest, py3.14) | Run unit tests with coverage | 
CI: Test (ubuntu-latest, py3.14) | Run unit tests with coverage | - generated xml file: /home/runner/work/devops-assignments/devops-assignments/DevOps/16-github-actions/reports/junit.xml -
CI: Test (ubuntu-latest, py3.14) | Run unit tests with coverage | ================================ tests coverage ================================
CI: Test (ubuntu-latest, py3.14) | Run unit tests with coverage | _______________ coverage: platform linux, python 3.14.8-final-0 ________________
CI: Test (ubuntu-latest, py3.14) | Run unit tests with coverage | 
CI: Test (ubuntu-latest, py3.14) | Run unit tests with coverage | Name                Stmts   Miss  Cover
CI: Test (ubuntu-latest, py3.14) | Run unit tests with coverage | ---------------------------------------
CI: Test (ubuntu-latest, py3.14) | Run unit tests with coverage | app/__init__.py         1      0   100%
CI: Test (ubuntu-latest, py3.14) | Run unit tests with coverage | app/calculator.py      11      0   100%
CI: Test (ubuntu-latest, py3.14) | Run unit tests with coverage | app/main.py            32      0   100%
CI: Test (ubuntu-latest, py3.14) | Run unit tests with coverage | ---------------------------------------
CI: Test (ubuntu-latest, py3.14) | Run unit tests with coverage | TOTAL                  44      0   100%
CI: Test (ubuntu-latest, py3.14) | Run unit tests with coverage | Coverage HTML written to dir reports/htmlcov
CI: Test (ubuntu-latest, py3.14) | Run unit tests with coverage | Coverage XML written to file reports/coverage.xml
CI: Test (ubuntu-latest, py3.14) | Run unit tests with coverage | Required test coverage of 90% reached. Total coverage: 100.00%
CI: Test (ubuntu-latest, py3.14) | Run unit tests with coverage | ============================== 16 passed in 0.27s ==============================
CI: Test (ubuntu-latest, py3.14) | Upload test report + coverage artifact | ##[group]Run actions/upload-artifact@v7
CI: Test (ubuntu-latest, py3.14) | Upload test report + coverage artifact | with:
CI: Test (ubuntu-latest, py3.14) | Upload test report + coverage artifact |   name: test-report-ubuntu-latest-py3.14
CI: Test (ubuntu-latest, py3.14) | Upload test report + coverage artifact |   path: DevOps/16-github-actions/reports/
CI: Test (ubuntu-latest, py3.14) | Upload test report + coverage artifact |   retention-days: 14
CI: Test (ubuntu-latest, py3.14) | Upload test report + coverage artifact |   if-no-files-found: warn
CI: Test (ubuntu-latest, py3.14) | Upload test report + coverage artifact |   compression-level: 6
CI: Test (ubuntu-latest, py3.14) | Upload test report + coverage artifact |   overwrite: false
CI: Test (ubuntu-latest, py3.14) | Upload test report + coverage artifact |   include-hidden-files: false
CI: Test (ubuntu-latest, py3.14) | Upload test report + coverage artifact |   archive: true
CI: Test (ubuntu-latest, py3.14) | Upload test report + coverage artifact | env:
CI: Test (ubuntu-latest, py3.14) | Upload test report + coverage artifact |   APP_DIR: DevOps/16-github-actions
CI: Test (ubuntu-latest, py3.14) | Upload test report + coverage artifact |   IMAGE_NAME: ghcr.io/astro-dude/devops-assignments/s16-calculator
CI: Test (ubuntu-latest, py3.14) | Upload test report + coverage artifact |   pythonLocation: /opt/hostedtoolcache/Python/3.14.8/x64
CI: Test (ubuntu-latest, py3.14) | Upload test report + coverage artifact |   PKG_CONFIG_PATH: /opt/hostedtoolcache/Python/3.14.8/x64/lib/pkgconfig
CI: Test (ubuntu-latest, py3.14) | Upload test report + coverage artifact |   Python_ROOT_DIR: /opt/hostedtoolcache/Python/3.14.8/x64
CI: Test (ubuntu-latest, py3.14) | Upload test report + coverage artifact |   Python2_ROOT_DIR: /opt/hostedtoolcache/Python/3.14.8/x64
CI: Test (ubuntu-latest, py3.14) | Upload test report + coverage artifact |   Python3_ROOT_DIR: /opt/hostedtoolcache/Python/3.14.8/x64
CI: Test (ubuntu-latest, py3.14) | Upload test report + coverage artifact |   LD_LIBRARY_PATH: /opt/hostedtoolcache/Python/3.14.8/x64/lib
CI: Test (ubuntu-latest, py3.14) | Upload test report + coverage artifact | ##[endgroup]
CI: Test (ubuntu-latest, py3.14) | Upload test report + coverage artifact | With the provided path, there will be 13 files uploaded
CI: Test (ubuntu-latest, py3.14) | Upload test report + coverage artifact | Artifact name is valid!
CI: Test (ubuntu-latest, py3.14) | Upload test report + coverage artifact | Root directory input is valid!
CI: Test (ubuntu-latest, py3.14) | Upload test report + coverage artifact | Uploading artifact: test-report-ubuntu-latest-py3.14.zip
CI: Test (ubuntu-latest, py3.14) | Upload test report + coverage artifact | Beginning upload of artifact content to blob storage
CI: Test (ubuntu-latest, py3.14) | Upload test report + coverage artifact | Uploaded bytes 30875
CI: Test (ubuntu-latest, py3.14) | Upload test report + coverage artifact | Finished uploading artifact content to blob storage!
CI: Test (ubuntu-latest, py3.14) | Upload test report + coverage artifact | SHA256 digest of uploaded artifact is 47a07b17809a9f6fe011a7c34c00a2d6aac8207edb9c13269baaf9f6ce276385
CI: Test (ubuntu-latest, py3.14) | Upload test report + coverage artifact | Finalizing artifact upload
CI: Test (ubuntu-latest, py3.14) | Upload test report + coverage artifact | Artifact test-report-ubuntu-latest-py3.14 successfully finalized. Artifact ID 11485185277
CI: Test (ubuntu-latest, py3.14) | Upload test report + coverage artifact | Artifact test-report-ubuntu-latest-py3.14 has been successfully uploaded! Final size is 30875 bytes. Artifact ID is 11485185277
CI: Test (ubuntu-latest, py3.14) | Upload test report + coverage artifact | Artifact download URL: https://github.com/Astro-Dude/devops-assignments/actions/runs/37627185543/artifacts/11485185277
CI: Test (ubuntu-latest, py3.14) | Post Setup Python 3.14 | Post job cleanup.
CI: Test (ubuntu-latest, py3.14) | Post Setup Python 3.14 | [command]/usr/bin/tar --posix -cf cache.tzst --exclude cache.tzst -P -C /home/runner/work/devops-assignments/devops-assignments --files-from manifest.txt --use-compress-program zstdmt
CI: Test (ubuntu-latest, py3.14) | Post Setup Python 3.14 | Sent 4254476 of 4254476 (100.0%), 4.8 MBs/sec
CI: Test (ubuntu-latest, py3.14) | Post Setup Python 3.14 | Cache saved with the key: setup-python-Linux-x64-24.04-Ubuntu-python-3.14.8-pip-b1dc199ea45d2202eec2360384e0940e1b0814b37194d3c64957a0b9a37b9d79
CI: Test (ubuntu-latest, py3.14) | Post Checkout source code | Post job cleanup.
CI: Test (ubuntu-latest, py3.14) | Post Checkout source code | [command]/usr/bin/git version
CI: Test (ubuntu-latest, py3.14) | Post Checkout source code | git version 2.55.0
CI: Test (ubuntu-latest, py3.14) | Post Checkout source code | Temporarily overriding HOME='/home/runner/work/_temp/0a7078c9-2d83-4ad9-940f-1ac7e84c1fb0' before making global git config changes
CI: Test (ubuntu-latest, py3.14) | Post Checkout source code | Adding repository directory to the temporary git global config as a safe directory
CI: Test (ubuntu-latest, py3.14) | Post Checkout source code | [command]/usr/bin/git config --global --add safe.directory /home/runner/work/devops-assignments/devops-assignments
CI: Test (ubuntu-latest, py3.14) | Post Checkout source code | Removing SSH command configuration
CI: Test (ubuntu-latest, py3.14) | Post Checkout source code | [command]/usr/bin/git config --local --name-only --get-regexp core\.sshCommand
CI: Test (ubuntu-latest, py3.14) | Post Checkout source code | [command]/usr/bin/git submodule foreach --recursive sh -c "git config --local --name-only --get-regexp 'core\.sshCommand' && git config --local --unset-all 'core.sshCommand' || :"
CI: Test (ubuntu-latest, py3.14) | Post Checkout source code | Removing HTTP extra header
CI: Test (ubuntu-latest, py3.14) | Post Checkout source code | [command]/usr/bin/git config --local --name-only --get-regexp http\.https\:\/\/github\.com\/\.extraheader
CI: Test (ubuntu-latest, py3.14) | Post Checkout source code | [command]/usr/bin/git submodule foreach --recursive sh -c "git config --local --name-only --get-regexp 'http\.https\:\/\/github\.com\/\.extraheader' && git config --local --unset-all 'http.https://github.com/.extraheader' || :"
CI: Test (ubuntu-latest, py3.14) | Post Checkout source code | Removing includeIf entries pointing to credentials config files
CI: Test (ubuntu-latest, py3.14) | Post Checkout source code | [command]/usr/bin/git config --local --name-only --get-regexp ^includeIf\.gitdir:
CI: Test (ubuntu-latest, py3.14) | Post Checkout source code | includeif.gitdir:/home/runner/work/devops-assignments/devops-assignments/.git.path
CI: Test (ubuntu-latest, py3.14) | Post Checkout source code | includeif.gitdir:/home/runner/work/devops-assignments/devops-assignments/.git/worktrees/*.path
CI: Test (ubuntu-latest, py3.14) | Post Checkout source code | includeif.gitdir:/github/workspace/.git.path
CI: Test (ubuntu-latest, py3.14) | Post Checkout source code | includeif.gitdir:/github/workspace/.git/worktrees/*.path
CI: Test (ubuntu-latest, py3.14) | Post Checkout source code | [command]/usr/bin/git config --local --get-all includeif.gitdir:/home/runner/work/devops-assignments/devops-assignments/.git.path
CI: Test (ubuntu-latest, py3.14) | Post Checkout source code | /home/runner/work/_temp/git-credentials-903a1e4c-fb9a-4aab-9e4e-ef84e8662899.config
CI: Test (ubuntu-latest, py3.14) | Post Checkout source code | [command]/usr/bin/git config --local --unset includeif.gitdir:/home/runner/work/devops-assignments/devops-assignments/.git.path \/home\/runner\/work\/_temp\/git\-credentials\-903a1e4c\-fb9a\-4aab\-9e4e\-ef84e8662899\.config
CI: Test (ubuntu-latest, py3.14) | Post Checkout source code | [command]/usr/bin/git config --local --get-all includeif.gitdir:/home/runner/work/devops-assignments/devops-assignments/.git/worktrees/*.path
CI: Test (ubuntu-latest, py3.14) | Post Checkout source code | /home/runner/work/_temp/git-credentials-903a1e4c-fb9a-4aab-9e4e-ef84e8662899.config
CI: Test (ubuntu-latest, py3.14) | Post Checkout source code | [command]/usr/bin/git config --local --unset includeif.gitdir:/home/runner/work/devops-assignments/devops-assignments/.git/worktrees/*.path \/home\/runner\/work\/_temp\/git\-credentials\-903a1e4c\-fb9a\-4aab\-9e4e\-ef84e8662899\.config
CI: Test (ubuntu-latest, py3.14) | Post Checkout source code | [command]/usr/bin/git config --local --get-all includeif.gitdir:/github/workspace/.git.path
CI: Test (ubuntu-latest, py3.14) | Post Checkout source code | /github/runner_temp/git-credentials-903a1e4c-fb9a-4aab-9e4e-ef84e8662899.config
CI: Test (ubuntu-latest, py3.14) | Post Checkout source code | [command]/usr/bin/git config --local --unset includeif.gitdir:/github/workspace/.git.path \/github\/runner_temp\/git\-credentials\-903a1e4c\-fb9a\-4aab\-9e4e\-ef84e8662899\.config
CI: Test (ubuntu-latest, py3.14) | Post Checkout source code | [command]/usr/bin/git config --local --get-all includeif.gitdir:/github/workspace/.git/worktrees/*.path
CI: Test (ubuntu-latest, py3.14) | Post Checkout source code | /github/runner_temp/git-credentials-903a1e4c-fb9a-4aab-9e4e-ef84e8662899.config
CI: Test (ubuntu-latest, py3.14) | Post Checkout source code | [command]/usr/bin/git config --local --unset includeif.gitdir:/github/workspace/.git/worktrees/*.path \/github\/runner_temp\/git\-credentials\-903a1e4c\-fb9a\-4aab\-9e4e\-ef84e8662899\.config
CI: Test (ubuntu-latest, py3.14) | Post Checkout source code | [command]/usr/bin/git submodule foreach --recursive git config --local --show-origin --name-only --get-regexp remote.origin.url
CI: Test (ubuntu-latest, py3.14) | Post Checkout source code | Removing credentials config '/home/runner/work/_temp/git-credentials-903a1e4c-fb9a-4aab-9e4e-ef84e8662899.config'
CI: Test (ubuntu-latest, py3.14) | Complete job | Cleaning up orphan processes
CI: Test (macos-latest, py3.13) | Set up job | Current runner version: '2.337.0'
CI: Test (macos-latest, py3.13) | Set up job | ##[group]Runner Image Provisioner
CI: Test (macos-latest, py3.13) | Set up job | Hosted Compute Agent
CI: Test (macos-latest, py3.13) | Set up job | Version: 20260828.587
CI: Test (macos-latest, py3.13) | Set up job | Commit: abac92662cab4cc7352de4f9f9d2e2419aad9c29
CI: Test (macos-latest, py3.13) | Set up job | Build Date: 2026-08-28T16:44:25Z
CI: Test (macos-latest, py3.13) | Set up job | Worker ID: {432ab70a-7e5c-401c-b8f6-d84823371925}
CI: Test (macos-latest, py3.13) | Set up job | Azure Region: westus
CI: Test (macos-latest, py3.13) | Set up job | ##[endgroup]
CI: Test (macos-latest, py3.13) | Set up job | ##[group]Operating System
CI: Test (macos-latest, py3.13) | Set up job | macOS
CI: Test (macos-latest, py3.13) | Set up job | 26.6.2
CI: Test (macos-latest, py3.13) | Set up job | 25G83
CI: Test (macos-latest, py3.13) | Set up job | ##[endgroup]
CI: Test (macos-latest, py3.13) | Set up job | ##[group]Runner Image
CI: Test (macos-latest, py3.13) | Set up job | Image: macos-26-arm64
CI: Test (macos-latest, py3.13) | Set up job | Version: 20260907.0351.1
CI: Test (macos-latest, py3.13) | Set up job | Included Software: https://github.com/actions/runner-images/blob/macos-26-arm64/20260907.0351/images/macos/macos-26-arm64-Readme.md
CI: Test (macos-latest, py3.13) | Set up job | Image Release: https://github.com/actions/runner-images/releases/tag/macos-26-arm64%2F20260907.0351
CI: Test (macos-latest, py3.13) | Set up job | ##[endgroup]
CI: Test (macos-latest, py3.13) | Set up job | ##[group]GITHUB_TOKEN Permissions
CI: Test (macos-latest, py3.13) | Set up job | Contents: read
CI: Test (macos-latest, py3.13) | Set up job | Metadata: read
CI: Test (macos-latest, py3.13) | Set up job | ##[endgroup]
CI: Test (macos-latest, py3.13) | Set up job | Secret source: Actions
CI: Test (macos-latest, py3.13) | Set up job | Cache mode: write
CI: Test (macos-latest, py3.13) | Set up job | Prepare workflow directory
CI: Test (macos-latest, py3.13) | Set up job | Prepare all required actions
CI: Test (macos-latest, py3.13) | Set up job | Getting action download info
CI: Test (macos-latest, py3.13) | Set up job | Download action repository 'actions/checkout@v7' (SHA:3d3c42e5aac5ba805825da76410c181273ba90b1)
CI: Test (macos-latest, py3.13) | Set up job | Download action repository 'actions/setup-python@v7' (SHA:5fda3b95a4ea91299a34e894583c3862153e4b97)
CI: Test (macos-latest, py3.13) | Set up job | Download action repository 'actions/upload-artifact@v7' (SHA:cf430e030ddbb5b0abf93d22962f4752f3646cd9)
CI: Test (macos-latest, py3.13) | Set up job | Complete job name: CI: Test (macos-latest, py3.13)
CI: Test (macos-latest, py3.13) | Checkout source code | ##[group]Run actions/checkout@v7
CI: Test (macos-latest, py3.13) | Checkout source code | with:
CI: Test (macos-latest, py3.13) | Checkout source code |   repository: Astro-Dude/devops-assignments
CI: Test (macos-latest, py3.13) | Checkout source code |   token: ***
CI: Test (macos-latest, py3.13) | Checkout source code |   ssh-strict: true
CI: Test (macos-latest, py3.13) | Checkout source code |   ssh-user: git
CI: Test (macos-latest, py3.13) | Checkout source code |   persist-credentials: true
CI: Test (macos-latest, py3.13) | Checkout source code |   clean: true
CI: Test (macos-latest, py3.13) | Checkout source code |   sparse-checkout-cone-mode: true
CI: Test (macos-latest, py3.13) | Checkout source code |   fetch-depth: 1
CI: Test (macos-latest, py3.13) | Checkout source code |   fetch-tags: false
CI: Test (macos-latest, py3.13) | Checkout source code |   show-progress: true
CI: Test (macos-latest, py3.13) | Checkout source code |   lfs: false
CI: Test (macos-latest, py3.13) | Checkout source code |   submodules: false
CI: Test (macos-latest, py3.13) | Checkout source code |   set-safe-directory: true
CI: Test (macos-latest, py3.13) | Checkout source code |   allow-unsafe-pr-checkout: false
CI: Test (macos-latest, py3.13) | Checkout source code | env:
CI: Test (macos-latest, py3.13) | Checkout source code |   APP_DIR: DevOps/16-github-actions
CI: Test (macos-latest, py3.13) | Checkout source code |   IMAGE_NAME: ghcr.io/astro-dude/devops-assignments/s16-calculator
CI: Test (macos-latest, py3.13) | Checkout source code | ##[endgroup]
CI: Test (macos-latest, py3.13) | Checkout source code | Syncing repository: Astro-Dude/devops-assignments
CI: Test (macos-latest, py3.13) | Checkout source code | ##[group]Getting Git version info
CI: Test (macos-latest, py3.13) | Checkout source code | Working directory is '/Users/runner/work/devops-assignments/devops-assignments'
CI: Test (macos-latest, py3.13) | Checkout source code | [command]/opt/homebrew/bin/git version
CI: Test (macos-latest, py3.13) | Checkout source code | git version 2.55.0
CI: Test (macos-latest, py3.13) | Checkout source code | ##[endgroup]
CI: Test (macos-latest, py3.13) | Checkout source code | Copying '/Users/runner/.gitconfig' to '/Users/runner/work/_temp/1be505ea-b66c-48cf-b43e-8ce31d5273ae/.gitconfig'
CI: Test (macos-latest, py3.13) | Checkout source code | Temporarily overriding HOME='/Users/runner/work/_temp/1be505ea-b66c-48cf-b43e-8ce31d5273ae' before making global git config changes
CI: Test (macos-latest, py3.13) | Checkout source code | Adding repository directory to the temporary git global config as a safe directory
CI: Test (macos-latest, py3.13) | Checkout source code | [command]/opt/homebrew/bin/git config --global --add safe.directory /Users/runner/work/devops-assignments/devops-assignments
CI: Test (macos-latest, py3.13) | Checkout source code | Deleting the contents of '/Users/runner/work/devops-assignments/devops-assignments'
CI: Test (macos-latest, py3.13) | Checkout source code | ##[group]Determining repository object format
CI: Test (macos-latest, py3.13) | Checkout source code | ##[endgroup]
CI: Test (macos-latest, py3.13) | Checkout source code | ##[group]Initializing the repository
CI: Test (macos-latest, py3.13) | Checkout source code | [command]/opt/homebrew/bin/git init /Users/runner/work/devops-assignments/devops-assignments
CI: Test (macos-latest, py3.13) | Checkout source code | hint: Using 'master' as the name for the initial branch. This default branch name
CI: Test (macos-latest, py3.13) | Checkout source code | hint: will change to "main" in Git 3.0. To configure the initial branch name
CI: Test (macos-latest, py3.13) | Checkout source code | hint: to use in all of your new repositories, which will suppress this warning,
CI: Test (macos-latest, py3.13) | Checkout source code | hint: call:
CI: Test (macos-latest, py3.13) | Checkout source code | hint:
CI: Test (macos-latest, py3.13) | Checkout source code | hint: 	git config --global init.defaultBranch <name>
CI: Test (macos-latest, py3.13) | Checkout source code | hint:
CI: Test (macos-latest, py3.13) | Checkout source code | hint: Names commonly chosen instead of 'master' are 'main', 'trunk' and
CI: Test (macos-latest, py3.13) | Checkout source code | hint: 'development'. The just-created branch can be renamed via this command:
CI: Test (macos-latest, py3.13) | Checkout source code | hint:
CI: Test (macos-latest, py3.13) | Checkout source code | hint: 	git branch -m <name>
CI: Test (macos-latest, py3.13) | Checkout source code | hint:
CI: Test (macos-latest, py3.13) | Checkout source code | hint: Disable this message with "git config set advice.defaultBranchName false"
CI: Test (macos-latest, py3.13) | Checkout source code | Initialized empty Git repository in /Users/runner/work/devops-assignments/devops-assignments/.git/
CI: Test (macos-latest, py3.13) | Checkout source code | [command]/opt/homebrew/bin/git remote add origin https://github.com/Astro-Dude/devops-assignments
CI: Test (macos-latest, py3.13) | Checkout source code | ##[endgroup]
CI: Test (macos-latest, py3.13) | Checkout source code | ##[group]Disabling automatic garbage collection
CI: Test (macos-latest, py3.13) | Checkout source code | [command]/opt/homebrew/bin/git config --local gc.auto 0
CI: Test (macos-latest, py3.13) | Checkout source code | ##[endgroup]
CI: Test (macos-latest, py3.13) | Checkout source code | ##[group]Setting up auth
CI: Test (macos-latest, py3.13) | Checkout source code | Removing SSH command configuration
CI: Test (macos-latest, py3.13) | Checkout source code | [command]/opt/homebrew/bin/git config --local --name-only --get-regexp core\.sshCommand
CI: Test (macos-latest, py3.13) | Checkout source code | [command]/opt/homebrew/bin/git submodule foreach --recursive sh -c "git config --local --name-only --get-regexp 'core\.sshCommand' && git config --local --unset-all 'core.sshCommand' || :"
CI: Test (macos-latest, py3.13) | Checkout source code | Removing HTTP extra header
CI: Test (macos-latest, py3.13) | Checkout source code | [command]/opt/homebrew/bin/git config --local --name-only --get-regexp http\.https\:\/\/github\.com\/\.extraheader
CI: Test (macos-latest, py3.13) | Checkout source code | [command]/opt/homebrew/bin/git submodule foreach --recursive sh -c "git config --local --name-only --get-regexp 'http\.https\:\/\/github\.com\/\.extraheader' && git config --local --unset-all 'http.https://github.com/.extraheader' || :"
CI: Test (macos-latest, py3.13) | Checkout source code | Removing includeIf entries pointing to credentials config files
CI: Test (macos-latest, py3.13) | Checkout source code | [command]/opt/homebrew/bin/git config --local --name-only --get-regexp ^includeIf\.gitdir:
CI: Test (macos-latest, py3.13) | Checkout source code | [command]/opt/homebrew/bin/git submodule foreach --recursive git config --local --show-origin --name-only --get-regexp remote.origin.url
CI: Test (macos-latest, py3.13) | Checkout source code | [command]/opt/homebrew/bin/git config --file /Users/runner/work/_temp/git-credentials-fbf002b0-4320-4af8-8f91-e8b0fcaacd56.config http.https://github.com/.extraheader AUTHORIZATION: basic ***
CI: Test (macos-latest, py3.13) | Checkout source code | [command]/opt/homebrew/bin/git config --local includeIf.gitdir:/Users/runner/work/devops-assignments/devops-assignments/.git.path /Users/runner/work/_temp/git-credentials-fbf002b0-4320-4af8-8f91-e8b0fcaacd56.config
CI: Test (macos-latest, py3.13) | Checkout source code | [command]/opt/homebrew/bin/git config --local includeIf.gitdir:/Users/runner/work/devops-assignments/devops-assignments/.git/worktrees/*.path /Users/runner/work/_temp/git-credentials-fbf002b0-4320-4af8-8f91-e8b0fcaacd56.config
CI: Test (macos-latest, py3.13) | Checkout source code | [command]/opt/homebrew/bin/git config --local includeIf.gitdir:/github/workspace/.git.path /github/runner_temp/git-credentials-fbf002b0-4320-4af8-8f91-e8b0fcaacd56.config
CI: Test (macos-latest, py3.13) | Checkout source code | [command]/opt/homebrew/bin/git config --local includeIf.gitdir:/github/workspace/.git/worktrees/*.path /github/runner_temp/git-credentials-fbf002b0-4320-4af8-8f91-e8b0fcaacd56.config
CI: Test (macos-latest, py3.13) | Checkout source code | ##[endgroup]
CI: Test (macos-latest, py3.13) | Checkout source code | ##[group]Fetching the repository
CI: Test (macos-latest, py3.13) | Checkout source code | [command]/opt/homebrew/bin/git -c protocol.version=2 fetch --no-tags --prune --no-recurse-submodules --depth=1 origin +aad6094c7b9df37c04216f70746f4700b94e49bd:refs/remotes/origin/main
CI: Test (macos-latest, py3.13) | Checkout source code | From https://github.com/Astro-Dude/devops-assignments
CI: Test (macos-latest, py3.13) | Checkout source code |  * [new ref]         aad6094c7b9df37c04216f70746f4700b94e49bd -> origin/main
CI: Test (macos-latest, py3.13) | Checkout source code | [command]/opt/homebrew/bin/git branch --list --remote origin/main
CI: Test (macos-latest, py3.13) | Checkout source code |   origin/main
CI: Test (macos-latest, py3.13) | Checkout source code | [command]/opt/homebrew/bin/git rev-parse refs/remotes/origin/main
CI: Test (macos-latest, py3.13) | Checkout source code | aad6094c7b9df37c04216f70746f4700b94e49bd
CI: Test (macos-latest, py3.13) | Checkout source code | ##[endgroup]
CI: Test (macos-latest, py3.13) | Checkout source code | ##[group]Determining the checkout info
CI: Test (macos-latest, py3.13) | Checkout source code | ##[endgroup]
CI: Test (macos-latest, py3.13) | Checkout source code | [command]/opt/homebrew/bin/git sparse-checkout disable
CI: Test (macos-latest, py3.13) | Checkout source code | [command]/opt/homebrew/bin/git config --local --unset-all extensions.worktreeConfig
CI: Test (macos-latest, py3.13) | Checkout source code | ##[group]Checking out the ref
CI: Test (macos-latest, py3.13) | Checkout source code | [command]/opt/homebrew/bin/git checkout --progress --force -B main refs/remotes/origin/main
CI: Test (macos-latest, py3.13) | Checkout source code | Switched to a new branch 'main'
CI: Test (macos-latest, py3.13) | Checkout source code | branch 'main' set up to track 'origin/main'.
CI: Test (macos-latest, py3.13) | Checkout source code | ##[endgroup]
CI: Test (macos-latest, py3.13) | Checkout source code | [command]/opt/homebrew/bin/git log -1 --format=%H
CI: Test (macos-latest, py3.13) | Checkout source code | aad6094c7b9df37c04216f70746f4700b94e49bd
CI: Test (macos-latest, py3.13) | Show runner details | ##[group]Run echo "Runner name : $RUNNER_NAME"
CI: Test (macos-latest, py3.13) | Show runner details | echo "Runner name : $RUNNER_NAME"
CI: Test (macos-latest, py3.13) | Show runner details | echo "Runner OS   : $RUNNER_OS ($RUNNER_ARCH)"
CI: Test (macos-latest, py3.13) | Show runner details | echo "Image       : ${ImageOS:-n/a} ${ImageVersion:-}"
CI: Test (macos-latest, py3.13) | Show runner details | echo "Workspace   : $GITHUB_WORKSPACE"
CI: Test (macos-latest, py3.13) | Show runner details | echo "Triggered by: $GITHUB_EVENT_NAME on $GITHUB_REF by $GITHUB_ACTOR (run $GITHUB_RUN_ID, attempt $GITHUB_RUN_ATTEMPT)"
CI: Test (macos-latest, py3.13) | Show runner details | shell: /bin/bash --noprofile --norc -e -o pipefail {0}
CI: Test (macos-latest, py3.13) | Show runner details | env:
CI: Test (macos-latest, py3.13) | Show runner details |   APP_DIR: DevOps/16-github-actions
CI: Test (macos-latest, py3.13) | Show runner details |   IMAGE_NAME: ghcr.io/astro-dude/devops-assignments/s16-calculator
CI: Test (macos-latest, py3.13) | Show runner details | ##[endgroup]
CI: Test (macos-latest, py3.13) | Show runner details | Runner name : GitHub Actions 1000001551
CI: Test (macos-latest, py3.13) | Show runner details | Runner OS   : macOS (ARM64)
CI: Test (macos-latest, py3.13) | Show runner details | Image       : macos26 20260907.0351.1
CI: Test (macos-latest, py3.13) | Show runner details | Workspace   : /Users/runner/work/devops-assignments/devops-assignments
CI: Test (macos-latest, py3.13) | Show runner details | Triggered by: push on refs/heads/main by Astro-Dude (run 37627185543, attempt 1)
CI: Test (macos-latest, py3.13) | Setup Python 3.13 | ##[group]Run actions/setup-python@v7
CI: Test (macos-latest, py3.13) | Setup Python 3.13 | with:
CI: Test (macos-latest, py3.13) | Setup Python 3.13 |   python-version: 3.13
CI: Test (macos-latest, py3.13) | Setup Python 3.13 |   cache: pip
CI: Test (macos-latest, py3.13) | Setup Python 3.13 |   cache-dependency-path: DevOps/16-github-actions/requirements*.txt
CI: Test (macos-latest, py3.13) | Setup Python 3.13 |   check-latest: false
CI: Test (macos-latest, py3.13) | Setup Python 3.13 |   token: ***
CI: Test (macos-latest, py3.13) | Setup Python 3.13 |   update-environment: true
CI: Test (macos-latest, py3.13) | Setup Python 3.13 |   allow-prereleases: false
CI: Test (macos-latest, py3.13) | Setup Python 3.13 |   freethreaded: false
CI: Test (macos-latest, py3.13) | Setup Python 3.13 | env:
CI: Test (macos-latest, py3.13) | Setup Python 3.13 |   APP_DIR: DevOps/16-github-actions
CI: Test (macos-latest, py3.13) | Setup Python 3.13 |   IMAGE_NAME: ghcr.io/astro-dude/devops-assignments/s16-calculator
CI: Test (macos-latest, py3.13) | Setup Python 3.13 | ##[endgroup]
CI: Test (macos-latest, py3.13) | Setup Python 3.13 | ##[group]Installed versions
CI: Test (macos-latest, py3.13) | Setup Python 3.13 | Successfully set up CPython (3.13.15)
CI: Test (macos-latest, py3.13) | Setup Python 3.13 | ##[endgroup]
CI: Test (macos-latest, py3.13) | Setup Python 3.13 | [command]/Users/runner/hostedtoolcache/Python/3.13.15/arm64/bin/pip cache dir
CI: Test (macos-latest, py3.13) | Setup Python 3.13 | /Users/runner/Library/Caches/pip
CI: Test (macos-latest, py3.13) | Setup Python 3.13 | Cache hit for: setup-python-macOS-arm64-python-3.13.15-pip-b1dc199ea45d2202eec2360384e0940e1b0814b37194d3c64957a0b9a37b9d79
CI: Test (macos-latest, py3.13) | Setup Python 3.13 | Received 6114055 of 6114055 (100.0%), 7.0 MBs/sec
CI: Test (macos-latest, py3.13) | Setup Python 3.13 | Cache Size: ~6 MB (6114055 B)
CI: Test (macos-latest, py3.13) | Setup Python 3.13 | [command]/opt/homebrew/bin/gtar -xf /Users/runner/work/_temp/ddf9b2f9-d7c7-478a-b29c-34ff79adc807/cache.tzst -P -C /Users/runner/work/devops-assignments/devops-assignments --delay-directory-restore --use-compress-program unzstd
CI: Test (macos-latest, py3.13) | Setup Python 3.13 | Cache restored successfully
CI: Test (macos-latest, py3.13) | Setup Python 3.13 | Cache restored from key: setup-python-macOS-arm64-python-3.13.15-pip-b1dc199ea45d2202eec2360384e0940e1b0814b37194d3c64957a0b9a37b9d79
CI: Test (macos-latest, py3.13) | Install dependencies | ##[group]Run python --version
CI: Test (macos-latest, py3.13) | Install dependencies | python --version
CI: Test (macos-latest, py3.13) | Install dependencies | python -m pip install --upgrade pip
CI: Test (macos-latest, py3.13) | Install dependencies | pip install -r requirements-dev.txt
CI: Test (macos-latest, py3.13) | Install dependencies | shell: /bin/bash --noprofile --norc -e -o pipefail {0}
CI: Test (macos-latest, py3.13) | Install dependencies | env:
CI: Test (macos-latest, py3.13) | Install dependencies |   APP_DIR: DevOps/16-github-actions
CI: Test (macos-latest, py3.13) | Install dependencies |   IMAGE_NAME: ghcr.io/astro-dude/devops-assignments/s16-calculator
CI: Test (macos-latest, py3.13) | Install dependencies |   pythonLocation: /Users/runner/hostedtoolcache/Python/3.13.15/arm64
CI: Test (macos-latest, py3.13) | Install dependencies |   PKG_CONFIG_PATH: /Users/runner/hostedtoolcache/Python/3.13.15/arm64/lib/pkgconfig
CI: Test (macos-latest, py3.13) | Install dependencies |   Python_ROOT_DIR: /Users/runner/hostedtoolcache/Python/3.13.15/arm64
CI: Test (macos-latest, py3.13) | Install dependencies |   Python2_ROOT_DIR: /Users/runner/hostedtoolcache/Python/3.13.15/arm64
CI: Test (macos-latest, py3.13) | Install dependencies |   Python3_ROOT_DIR: /Users/runner/hostedtoolcache/Python/3.13.15/arm64
CI: Test (macos-latest, py3.13) | Install dependencies | ##[endgroup]
CI: Test (macos-latest, py3.13) | Install dependencies | Python 3.13.15
CI: Test (macos-latest, py3.13) | Install dependencies | Requirement already satisfied: pip in /Library/Frameworks/Python.framework/Versions/3.13/lib/python3.13/site-packages (26.2.1)
CI: Test (macos-latest, py3.13) | Install dependencies | Collecting flask==3.1.3 (from -r /Users/runner/work/devops-assignments/devops-assignments/DevOps/16-github-actions/requirements.txt (line 1))
CI: Test (macos-latest, py3.13) | Install dependencies |   Using cached flask-3.1.3-py3-none-any.whl.metadata (3.2 kB)
CI: Test (macos-latest, py3.13) | Install dependencies | Collecting gunicorn==26.2.0 (from -r /Users/runner/work/devops-assignments/devops-assignments/DevOps/16-github-actions/requirements.txt (line 2))
CI: Test (macos-latest, py3.13) | Install dependencies |   Using cached gunicorn-26.2.0-py3-none-any.whl.metadata (5.5 kB)
CI: Test (macos-latest, py3.13) | Install dependencies | Collecting pytest==9.1.1 (from -r requirements-dev.txt (line 2))
CI: Test (macos-latest, py3.13) | Install dependencies |   Using cached pytest-9.1.1-py3-none-any.whl.metadata (7.6 kB)
CI: Test (macos-latest, py3.13) | Install dependencies | Collecting pytest-cov==7.1.0 (from -r requirements-dev.txt (line 3))
CI: Test (macos-latest, py3.13) | Install dependencies |   Using cached pytest_cov-7.1.0-py3-none-any.whl.metadata (32 kB)
CI: Test (macos-latest, py3.13) | Install dependencies | Collecting blinker>=1.9.0 (from flask==3.1.3->-r /Users/runner/work/devops-assignments/devops-assignments/DevOps/16-github-actions/requirements.txt (line 1))
CI: Test (macos-latest, py3.13) | Install dependencies |   Using cached blinker-1.9.0-py3-none-any.whl.metadata (1.6 kB)
CI: Test (macos-latest, py3.13) | Install dependencies | Collecting click>=8.1.3 (from flask==3.1.3->-r /Users/runner/work/devops-assignments/devops-assignments/DevOps/16-github-actions/requirements.txt (line 1))
CI: Test (macos-latest, py3.13) | Install dependencies |   Using cached click-8.5.0-py3-none-any.whl.metadata (2.6 kB)
CI: Test (macos-latest, py3.13) | Install dependencies | Collecting itsdangerous>=2.2.0 (from flask==3.1.3->-r /Users/runner/work/devops-assignments/devops-assignments/DevOps/16-github-actions/requirements.txt (line 1))
CI: Test (macos-latest, py3.13) | Install dependencies |   Using cached itsdangerous-2.2.0-py3-none-any.whl.metadata (1.9 kB)
CI: Test (macos-latest, py3.13) | Install dependencies | Collecting jinja2>=3.1.2 (from flask==3.1.3->-r /Users/runner/work/devops-assignments/devops-assignments/DevOps/16-github-actions/requirements.txt (line 1))
CI: Test (macos-latest, py3.13) | Install dependencies |   Using cached jinja2-3.1.6-py3-none-any.whl.metadata (2.9 kB)
CI: Test (macos-latest, py3.13) | Install dependencies | Collecting markupsafe>=2.1.1 (from flask==3.1.3->-r /Users/runner/work/devops-assignments/devops-assignments/DevOps/16-github-actions/requirements.txt (line 1))
CI: Test (macos-latest, py3.13) | Install dependencies |   Using cached markupsafe-3.0.4-cp313-cp313-macosx_11_0_arm64.whl.metadata (2.7 kB)
CI: Test (macos-latest, py3.13) | Install dependencies | Collecting werkzeug>=3.1.0 (from flask==3.1.3->-r /Users/runner/work/devops-assignments/devops-assignments/DevOps/16-github-actions/requirements.txt (line 1))
CI: Test (macos-latest, py3.13) | Install dependencies |   Using cached werkzeug-3.1.9-py3-none-any.whl.metadata (4.1 kB)
CI: Test (macos-latest, py3.13) | Install dependencies | Collecting iniconfig>=1.0.1 (from pytest==9.1.1->-r requirements-dev.txt (line 2))
CI: Test (macos-latest, py3.13) | Install dependencies |   Using cached iniconfig-2.3.1-py3-none-any.whl.metadata (2.8 kB)
CI: Test (macos-latest, py3.13) | Install dependencies | Collecting packaging>=22 (from pytest==9.1.1->-r requirements-dev.txt (line 2))
CI: Test (macos-latest, py3.13) | Install dependencies |   Using cached packaging-26.3-py3-none-any.whl.metadata (3.5 kB)
CI: Test (macos-latest, py3.13) | Install dependencies | Collecting pluggy<2,>=1.5 (from pytest==9.1.1->-r requirements-dev.txt (line 2))
CI: Test (macos-latest, py3.13) | Install dependencies |   Using cached pluggy-1.6.0-py3-none-any.whl.metadata (4.8 kB)
CI: Test (macos-latest, py3.13) | Install dependencies | Collecting pygments>=2.7.2 (from pytest==9.1.1->-r requirements-dev.txt (line 2))
CI: Test (macos-latest, py3.13) | Install dependencies |   Using cached pygments-2.21.0-py3-none-any.whl.metadata (2.5 kB)
CI: Test (macos-latest, py3.13) | Install dependencies | Collecting coverage>=7.10.6 (from coverage[toml]>=7.10.6->pytest-cov==7.1.0->-r requirements-dev.txt (line 3))
CI: Test (macos-latest, py3.13) | Install dependencies |   Using cached coverage-7.16.2-cp313-cp313-macosx_11_0_arm64.whl.metadata (8.2 kB)
CI: Test (macos-latest, py3.13) | Install dependencies | Using cached flask-3.1.3-py3-none-any.whl (103 kB)
CI: Test (macos-latest, py3.13) | Install dependencies | Using cached gunicorn-26.2.0-py3-none-any.whl (228 kB)
CI: Test (macos-latest, py3.13) | Install dependencies | Using cached pytest-9.1.1-py3-none-any.whl (386 kB)
CI: Test (macos-latest, py3.13) | Install dependencies | Using cached pytest_cov-7.1.0-py3-none-any.whl (22 kB)
CI: Test (macos-latest, py3.13) | Install dependencies | Using cached pluggy-1.6.0-py3-none-any.whl (20 kB)
CI: Test (macos-latest, py3.13) | Install dependencies | Using cached blinker-1.9.0-py3-none-any.whl (8.5 kB)
CI: Test (macos-latest, py3.13) | Install dependencies | Using cached click-8.5.0-py3-none-any.whl (125 kB)
CI: Test (macos-latest, py3.13) | Install dependencies | Using cached coverage-7.16.2-cp313-cp313-macosx_11_0_arm64.whl (224 kB)
CI: Test (macos-latest, py3.13) | Install dependencies | Using cached iniconfig-2.3.1-py3-none-any.whl (7.6 kB)
CI: Test (macos-latest, py3.13) | Install dependencies | Using cached itsdangerous-2.2.0-py3-none-any.whl (16 kB)
CI: Test (macos-latest, py3.13) | Install dependencies | Using cached jinja2-3.1.6-py3-none-any.whl (134 kB)
CI: Test (macos-latest, py3.13) | Install dependencies | Using cached markupsafe-3.0.4-cp313-cp313-macosx_11_0_arm64.whl (12 kB)
CI: Test (macos-latest, py3.13) | Install dependencies | Using cached packaging-26.3-py3-none-any.whl (129 kB)
CI: Test (macos-latest, py3.13) | Install dependencies | Using cached pygments-2.21.0-py3-none-any.whl (1.3 MB)
CI: Test (macos-latest, py3.13) | Install dependencies | Using cached werkzeug-3.1.9-py3-none-any.whl (228 kB)
CI: Test (macos-latest, py3.13) | Install dependencies | Installing collected packages: pygments, pluggy, packaging, markupsafe, itsdangerous, iniconfig, gunicorn, coverage, click, blinker, werkzeug, pytest, jinja2, pytest-cov, flask
CI: Test (macos-latest, py3.13) | Install dependencies | 
CI: Test (macos-latest, py3.13) | Install dependencies | Successfully installed blinker-1.9.0 click-8.5.0 coverage-7.16.2 flask-3.1.3 gunicorn-26.2.0 iniconfig-2.3.1 itsdangerous-2.2.0 jinja2-3.1.6 markupsafe-3.0.4 packaging-26.3 pluggy-1.6.0 pygments-2.21.0 pytest-9.1.1 pytest-cov-7.1.0 werkzeug-3.1.9
CI: Test (macos-latest, py3.13) | Run unit tests with coverage | ##[group]Run mkdir -p reports
CI: Test (macos-latest, py3.13) | Run unit tests with coverage | mkdir -p reports
CI: Test (macos-latest, py3.13) | Run unit tests with coverage | pytest -v \
CI: Test (macos-latest, py3.13) | Run unit tests with coverage |   --junitxml=reports/junit.xml \
CI: Test (macos-latest, py3.13) | Run unit tests with coverage |   --cov --cov-report=term \
CI: Test (macos-latest, py3.13) | Run unit tests with coverage |   --cov-report=xml:reports/coverage.xml \
CI: Test (macos-latest, py3.13) | Run unit tests with coverage |   --cov-report=html:reports/htmlcov \
CI: Test (macos-latest, py3.13) | Run unit tests with coverage |   --cov-fail-under=90
CI: Test (macos-latest, py3.13) | Run unit tests with coverage | shell: /bin/bash --noprofile --norc -e -o pipefail {0}
CI: Test (macos-latest, py3.13) | Run unit tests with coverage | env:
CI: Test (macos-latest, py3.13) | Run unit tests with coverage |   APP_DIR: DevOps/16-github-actions
CI: Test (macos-latest, py3.13) | Run unit tests with coverage |   IMAGE_NAME: ghcr.io/astro-dude/devops-assignments/s16-calculator
CI: Test (macos-latest, py3.13) | Run unit tests with coverage |   pythonLocation: /Users/runner/hostedtoolcache/Python/3.13.15/arm64
CI: Test (macos-latest, py3.13) | Run unit tests with coverage |   PKG_CONFIG_PATH: /Users/runner/hostedtoolcache/Python/3.13.15/arm64/lib/pkgconfig
CI: Test (macos-latest, py3.13) | Run unit tests with coverage |   Python_ROOT_DIR: /Users/runner/hostedtoolcache/Python/3.13.15/arm64
CI: Test (macos-latest, py3.13) | Run unit tests with coverage |   Python2_ROOT_DIR: /Users/runner/hostedtoolcache/Python/3.13.15/arm64
CI: Test (macos-latest, py3.13) | Run unit tests with coverage |   Python3_ROOT_DIR: /Users/runner/hostedtoolcache/Python/3.13.15/arm64
CI: Test (macos-latest, py3.13) | Run unit tests with coverage | ##[endgroup]
CI: Test (macos-latest, py3.13) | Run unit tests with coverage | ============================= test session starts ==============================
CI: Test (macos-latest, py3.13) | Run unit tests with coverage | platform darwin -- Python 3.13.15, pytest-9.1.1, pluggy-1.6.0 -- /Library/Frameworks/Python.framework/Versions/3.13/bin/python
CI: Test (macos-latest, py3.13) | Run unit tests with coverage | cachedir: .pytest_cache
CI: Test (macos-latest, py3.13) | Run unit tests with coverage | rootdir: /Users/runner/work/devops-assignments/devops-assignments/DevOps/16-github-actions
CI: Test (macos-latest, py3.13) | Run unit tests with coverage | configfile: pytest.ini
CI: Test (macos-latest, py3.13) | Run unit tests with coverage | testpaths: tests
CI: Test (macos-latest, py3.13) | Run unit tests with coverage | plugins: cov-7.1.0
CI: Test (macos-latest, py3.13) | Run unit tests with coverage | collecting ... collected 16 items
CI: Test (macos-latest, py3.13) | Run unit tests with coverage | 
CI: Test (macos-latest, py3.13) | Run unit tests with coverage | tests/test_api.py::test_health PASSED                                    [  6%]
CI: Test (macos-latest, py3.13) | Run unit tests with coverage | tests/test_api.py::test_index_lists_operations PASSED                    [ 12%]
CI: Test (macos-latest, py3.13) | Run unit tests with coverage | tests/test_api.py::test_operations[add-2-3-5] PASSED                     [ 18%]
CI: Test (macos-latest, py3.13) | Run unit tests with coverage | tests/test_api.py::test_operations[subtract-9-4-5] PASSED                [ 25%]
CI: Test (macos-latest, py3.13) | Run unit tests with coverage | tests/test_api.py::test_operations[multiply-6-7-42] PASSED               [ 31%]
CI: Test (macos-latest, py3.13) | Run unit tests with coverage | tests/test_api.py::test_operations[divide-9-2-4.5] PASSED                [ 37%]
CI: Test (macos-latest, py3.13) | Run unit tests with coverage | tests/test_api.py::test_divide_by_zero_returns_400 PASSED                [ 43%]
CI: Test (macos-latest, py3.13) | Run unit tests with coverage | tests/test_api.py::test_unknown_operation_returns_404 PASSED             [ 50%]
CI: Test (macos-latest, py3.13) | Run unit tests with coverage | tests/test_api.py::test_missing_parameter_returns_400 PASSED             [ 56%]
CI: Test (macos-latest, py3.13) | Run unit tests with coverage | tests/test_api.py::test_non_numeric_parameter_returns_400 PASSED         [ 62%]
CI: Test (macos-latest, py3.13) | Run unit tests with coverage | tests/test_calculator.py::test_add PASSED                                [ 68%]
CI: Test (macos-latest, py3.13) | Run unit tests with coverage | tests/test_calculator.py::test_add_negative PASSED                       [ 75%]
CI: Test (macos-latest, py3.13) | Run unit tests with coverage | tests/test_calculator.py::test_subtract PASSED                           [ 81%]
CI: Test (macos-latest, py3.13) | Run unit tests with coverage | tests/test_calculator.py::test_multiply PASSED                           [ 87%]
CI: Test (macos-latest, py3.13) | Run unit tests with coverage | tests/test_calculator.py::test_divide PASSED                             [ 93%]
CI: Test (macos-latest, py3.13) | Run unit tests with coverage | tests/test_calculator.py::test_divide_by_zero PASSED                     [100%]
CI: Test (macos-latest, py3.13) | Run unit tests with coverage | 
CI: Test (macos-latest, py3.13) | Run unit tests with coverage | - generated xml file: /Users/runner/work/devops-assignments/devops-assignments/DevOps/16-github-actions/reports/junit.xml -
CI: Test (macos-latest, py3.13) | Run unit tests with coverage | ================================ tests coverage ================================
CI: Test (macos-latest, py3.13) | Run unit tests with coverage | ______________ coverage: platform darwin, python 3.13.15-final-0 _______________
CI: Test (macos-latest, py3.13) | Run unit tests with coverage | 
CI: Test (macos-latest, py3.13) | Run unit tests with coverage | Name                Stmts   Miss  Cover
CI: Test (macos-latest, py3.13) | Run unit tests with coverage | ---------------------------------------
CI: Test (macos-latest, py3.13) | Run unit tests with coverage | app/__init__.py         1      0   100%
CI: Test (macos-latest, py3.13) | Run unit tests with coverage | app/calculator.py      11      0   100%
CI: Test (macos-latest, py3.13) | Run unit tests with coverage | app/main.py            32      0   100%
CI: Test (macos-latest, py3.13) | Run unit tests with coverage | ---------------------------------------
CI: Test (macos-latest, py3.13) | Run unit tests with coverage | TOTAL                  44      0   100%
CI: Test (macos-latest, py3.13) | Run unit tests with coverage | Coverage HTML written to dir reports/htmlcov
CI: Test (macos-latest, py3.13) | Run unit tests with coverage | Coverage XML written to file reports/coverage.xml
CI: Test (macos-latest, py3.13) | Run unit tests with coverage | Required test coverage of 90% reached. Total coverage: 100.00%
CI: Test (macos-latest, py3.13) | Run unit tests with coverage | ============================== 16 passed in 0.27s ==============================
CI: Test (macos-latest, py3.13) | Upload test report + coverage artifact | ##[group]Run actions/upload-artifact@v7
CI: Test (macos-latest, py3.13) | Upload test report + coverage artifact | with:
CI: Test (macos-latest, py3.13) | Upload test report + coverage artifact |   name: test-report-macos-latest-py3.13
CI: Test (macos-latest, py3.13) | Upload test report + coverage artifact |   path: DevOps/16-github-actions/reports/
CI: Test (macos-latest, py3.13) | Upload test report + coverage artifact |   retention-days: 14
CI: Test (macos-latest, py3.13) | Upload test report + coverage artifact |   if-no-files-found: warn
CI: Test (macos-latest, py3.13) | Upload test report + coverage artifact |   compression-level: 6
CI: Test (macos-latest, py3.13) | Upload test report + coverage artifact |   overwrite: false
CI: Test (macos-latest, py3.13) | Upload test report + coverage artifact |   include-hidden-files: false
CI: Test (macos-latest, py3.13) | Upload test report + coverage artifact |   archive: true
CI: Test (macos-latest, py3.13) | Upload test report + coverage artifact | env:
CI: Test (macos-latest, py3.13) | Upload test report + coverage artifact |   APP_DIR: DevOps/16-github-actions
CI: Test (macos-latest, py3.13) | Upload test report + coverage artifact |   IMAGE_NAME: ghcr.io/astro-dude/devops-assignments/s16-calculator
CI: Test (macos-latest, py3.13) | Upload test report + coverage artifact |   pythonLocation: /Users/runner/hostedtoolcache/Python/3.13.15/arm64
CI: Test (macos-latest, py3.13) | Upload test report + coverage artifact |   PKG_CONFIG_PATH: /Users/runner/hostedtoolcache/Python/3.13.15/arm64/lib/pkgconfig
CI: Test (macos-latest, py3.13) | Upload test report + coverage artifact |   Python_ROOT_DIR: /Users/runner/hostedtoolcache/Python/3.13.15/arm64
CI: Test (macos-latest, py3.13) | Upload test report + coverage artifact |   Python2_ROOT_DIR: /Users/runner/hostedtoolcache/Python/3.13.15/arm64
CI: Test (macos-latest, py3.13) | Upload test report + coverage artifact |   Python3_ROOT_DIR: /Users/runner/hostedtoolcache/Python/3.13.15/arm64
CI: Test (macos-latest, py3.13) | Upload test report + coverage artifact | ##[endgroup]
CI: Test (macos-latest, py3.13) | Upload test report + coverage artifact | With the provided path, there will be 13 files uploaded
CI: Test (macos-latest, py3.13) | Upload test report + coverage artifact | Artifact name is valid!
CI: Test (macos-latest, py3.13) | Upload test report + coverage artifact | Root directory input is valid!
CI: Test (macos-latest, py3.13) | Upload test report + coverage artifact | Uploading artifact: test-report-macos-latest-py3.13.zip
CI: Test (macos-latest, py3.13) | Upload test report + coverage artifact | Beginning upload of artifact content to blob storage
CI: Test (macos-latest, py3.13) | Upload test report + coverage artifact | Uploaded bytes 30924
CI: Test (macos-latest, py3.13) | Upload test report + coverage artifact | Finished uploading artifact content to blob storage!
CI: Test (macos-latest, py3.13) | Upload test report + coverage artifact | SHA256 digest of uploaded artifact is 8e9fbff56f5818520d9aae325e352a1c73149e41473a927b0774f00b30c57a8b
CI: Test (macos-latest, py3.13) | Upload test report + coverage artifact | Finalizing artifact upload
CI: Test (macos-latest, py3.13) | Upload test report + coverage artifact | Artifact test-report-macos-latest-py3.13 successfully finalized. Artifact ID 11484198989
CI: Test (macos-latest, py3.13) | Upload test report + coverage artifact | Artifact test-report-macos-latest-py3.13 has been successfully uploaded! Final size is 30924 bytes. Artifact ID is 11484198989
CI: Test (macos-latest, py3.13) | Upload test report + coverage artifact | Artifact download URL: https://github.com/Astro-Dude/devops-assignments/actions/runs/37627185543/artifacts/11484198989
CI: Test (macos-latest, py3.13) | Post Setup Python 3.13 | Post job cleanup.
CI: Test (macos-latest, py3.13) | Post Setup Python 3.13 | Cache hit occurred on the primary key setup-python-macOS-arm64-python-3.13.15-pip-b1dc199ea45d2202eec2360384e0940e1b0814b37194d3c64957a0b9a37b9d79, not saving cache.
CI: Test (macos-latest, py3.13) | Post Checkout source code | Post job cleanup.
CI: Test (macos-latest, py3.13) | Post Checkout source code | [command]/opt/homebrew/bin/git version
CI: Test (macos-latest, py3.13) | Post Checkout source code | git version 2.55.0
CI: Test (macos-latest, py3.13) | Post Checkout source code | Copying '/Users/runner/.gitconfig' to '/Users/runner/work/_temp/799378ff-b6e2-4b4d-b8cd-9dcd826740be/.gitconfig'
CI: Test (macos-latest, py3.13) | Post Checkout source code | Temporarily overriding HOME='/Users/runner/work/_temp/799378ff-b6e2-4b4d-b8cd-9dcd826740be' before making global git config changes
CI: Test (macos-latest, py3.13) | Post Checkout source code | Adding repository directory to the temporary git global config as a safe directory
CI: Test (macos-latest, py3.13) | Post Checkout source code | [command]/opt/homebrew/bin/git config --global --add safe.directory /Users/runner/work/devops-assignments/devops-assignments
CI: Test (macos-latest, py3.13) | Post Checkout source code | Removing SSH command configuration
CI: Test (macos-latest, py3.13) | Post Checkout source code | [command]/opt/homebrew/bin/git config --local --name-only --get-regexp core\.sshCommand
CI: Test (macos-latest, py3.13) | Post Checkout source code | [command]/opt/homebrew/bin/git submodule foreach --recursive sh -c "git config --local --name-only --get-regexp 'core\.sshCommand' && git config --local --unset-all 'core.sshCommand' || :"
CI: Test (macos-latest, py3.13) | Post Checkout source code | Removing HTTP extra header
CI: Test (macos-latest, py3.13) | Post Checkout source code | [command]/opt/homebrew/bin/git config --local --name-only --get-regexp http\.https\:\/\/github\.com\/\.extraheader
CI: Test (macos-latest, py3.13) | Post Checkout source code | [command]/opt/homebrew/bin/git submodule foreach --recursive sh -c "git config --local --name-only --get-regexp 'http\.https\:\/\/github\.com\/\.extraheader' && git config --local --unset-all 'http.https://github.com/.extraheader' || :"
CI: Test (macos-latest, py3.13) | Post Checkout source code | Removing includeIf entries pointing to credentials config files
CI: Test (macos-latest, py3.13) | Post Checkout source code | [command]/opt/homebrew/bin/git config --local --name-only --get-regexp ^includeIf\.gitdir:
CI: Test (macos-latest, py3.13) | Post Checkout source code | includeif.gitdir:/Users/runner/work/devops-assignments/devops-assignments/.git.path
CI: Test (macos-latest, py3.13) | Post Checkout source code | includeif.gitdir:/Users/runner/work/devops-assignments/devops-assignments/.git/worktrees/*.path
CI: Test (macos-latest, py3.13) | Post Checkout source code | includeif.gitdir:/github/workspace/.git.path
CI: Test (macos-latest, py3.13) | Post Checkout source code | includeif.gitdir:/github/workspace/.git/worktrees/*.path
CI: Test (macos-latest, py3.13) | Post Checkout source code | [command]/opt/homebrew/bin/git config --local --get-all includeif.gitdir:/Users/runner/work/devops-assignments/devops-assignments/.git.path
CI: Test (macos-latest, py3.13) | Post Checkout source code | /Users/runner/work/_temp/git-credentials-fbf002b0-4320-4af8-8f91-e8b0fcaacd56.config
CI: Test (macos-latest, py3.13) | Post Checkout source code | [command]/opt/homebrew/bin/git config --local --unset includeif.gitdir:/Users/runner/work/devops-assignments/devops-assignments/.git.path \/Users\/runner\/work\/_temp\/git\-credentials\-fbf002b0\-4320\-4af8\-8f91\-e8b0fcaacd56\.config
CI: Test (macos-latest, py3.13) | Post Checkout source code | [command]/opt/homebrew/bin/git config --local --get-all includeif.gitdir:/Users/runner/work/devops-assignments/devops-assignments/.git/worktrees/*.path
CI: Test (macos-latest, py3.13) | Post Checkout source code | /Users/runner/work/_temp/git-credentials-fbf002b0-4320-4af8-8f91-e8b0fcaacd56.config
CI: Test (macos-latest, py3.13) | Post Checkout source code | [command]/opt/homebrew/bin/git config --local --unset includeif.gitdir:/Users/runner/work/devops-assignments/devops-assignments/.git/worktrees/*.path \/Users\/runner\/work\/_temp\/git\-credentials\-fbf002b0\-4320\-4af8\-8f91\-e8b0fcaacd56\.config
CI: Test (macos-latest, py3.13) | Post Checkout source code | [command]/opt/homebrew/bin/git config --local --get-all includeif.gitdir:/github/workspace/.git.path
CI: Test (macos-latest, py3.13) | Post Checkout source code | /github/runner_temp/git-credentials-fbf002b0-4320-4af8-8f91-e8b0fcaacd56.config
CI: Test (macos-latest, py3.13) | Post Checkout source code | [command]/opt/homebrew/bin/git config --local --unset includeif.gitdir:/github/workspace/.git.path \/github\/runner_temp\/git\-credentials\-fbf002b0\-4320\-4af8\-8f91\-e8b0fcaacd56\.config
CI: Test (macos-latest, py3.13) | Post Checkout source code | [command]/opt/homebrew/bin/git config --local --get-all includeif.gitdir:/github/workspace/.git/worktrees/*.path
CI: Test (macos-latest, py3.13) | Post Checkout source code | /github/runner_temp/git-credentials-fbf002b0-4320-4af8-8f91-e8b0fcaacd56.config
CI: Test (macos-latest, py3.13) | Post Checkout source code | [command]/opt/homebrew/bin/git config --local --unset includeif.gitdir:/github/workspace/.git/worktrees/*.path \/github\/runner_temp\/git\-credentials\-fbf002b0\-4320\-4af8\-8f91\-e8b0fcaacd56\.config
CI: Test (macos-latest, py3.13) | Post Checkout source code | [command]/opt/homebrew/bin/git submodule foreach --recursive git config --local --show-origin --name-only --get-regexp remote.origin.url
CI: Test (macos-latest, py3.13) | Post Checkout source code | Removing credentials config '/Users/runner/work/_temp/git-credentials-fbf002b0-4320-4af8-8f91-e8b0fcaacd56.config'
CI: Test (macos-latest, py3.13) | Complete job | Cleaning up orphan processes
CI: Test (ubuntu-latest, py3.13) | Set up job | Current runner version: '2.337.0'
CI: Test (ubuntu-latest, py3.13) | Set up job | ##[group]Runner Image Provisioner
CI: Test (ubuntu-latest, py3.13) | Set up job | Hosted Compute Agent
CI: Test (ubuntu-latest, py3.13) | Set up job | Version: 20260901.588
CI: Test (ubuntu-latest, py3.13) | Set up job | Commit: f88ec8081b781fac6c440065ac7ff9e710ce3d0b
CI: Test (ubuntu-latest, py3.13) | Set up job | Build Date: 2026-09-01T19:56:44Z
CI: Test (ubuntu-latest, py3.13) | Set up job | Worker ID: {c2e42293-1ce4-4cd3-bb3d-093d2d0d64b7}
CI: Test (ubuntu-latest, py3.13) | Set up job | Azure Region: centralus
CI: Test (ubuntu-latest, py3.13) | Set up job | ##[endgroup]
CI: Test (ubuntu-latest, py3.13) | Set up job | ##[group]Operating System
CI: Test (ubuntu-latest, py3.13) | Set up job | Ubuntu
CI: Test (ubuntu-latest, py3.13) | Set up job | 24.04.5
CI: Test (ubuntu-latest, py3.13) | Set up job | LTS
CI: Test (ubuntu-latest, py3.13) | Set up job | ##[endgroup]
CI: Test (ubuntu-latest, py3.13) | Set up job | ##[group]Runner Image
CI: Test (ubuntu-latest, py3.13) | Set up job | Image: ubuntu-24.04
CI: Test (ubuntu-latest, py3.13) | Set up job | Version: 20260927.320.1
CI: Test (ubuntu-latest, py3.13) | Set up job | Included Software: https://github.com/actions/runner-images/blob/ubuntu24/20260927.320/images/ubuntu/Ubuntu2404-Readme.md
CI: Test (ubuntu-latest, py3.13) | Set up job | Image Release: https://github.com/actions/runner-images/releases/tag/ubuntu24%2F20260927.320
CI: Test (ubuntu-latest, py3.13) | Set up job | ##[endgroup]
CI: Test (ubuntu-latest, py3.13) | Set up job | ##[group]GITHUB_TOKEN Permissions
CI: Test (ubuntu-latest, py3.13) | Set up job | Contents: read
CI: Test (ubuntu-latest, py3.13) | Set up job | Metadata: read
CI: Test (ubuntu-latest, py3.13) | Set up job | ##[endgroup]
CI: Test (ubuntu-latest, py3.13) | Set up job | Secret source: Actions
CI: Test (ubuntu-latest, py3.13) | Set up job | Cache mode: write
CI: Test (ubuntu-latest, py3.13) | Set up job | Prepare workflow directory
CI: Test (ubuntu-latest, py3.13) | Set up job | Prepare all required actions
CI: Test (ubuntu-latest, py3.13) | Set up job | Getting action download info
CI: Test (ubuntu-latest, py3.13) | Set up job | Download action repository 'actions/checkout@v7' (SHA:3d3c42e5aac5ba805825da76410c181273ba90b1)
CI: Test (ubuntu-latest, py3.13) | Set up job | Download action repository 'actions/setup-python@v7' (SHA:5fda3b95a4ea91299a34e894583c3862153e4b97)
CI: Test (ubuntu-latest, py3.13) | Set up job | Download action repository 'actions/upload-artifact@v7' (SHA:cf430e030ddbb5b0abf93d22962f4752f3646cd9)
CI: Test (ubuntu-latest, py3.13) | Set up job | Complete job name: CI: Test (ubuntu-latest, py3.13)
CI: Test (ubuntu-latest, py3.13) | Checkout source code | ##[group]Run actions/checkout@v7
CI: Test (ubuntu-latest, py3.13) | Checkout source code | with:
CI: Test (ubuntu-latest, py3.13) | Checkout source code |   repository: Astro-Dude/devops-assignments
CI: Test (ubuntu-latest, py3.13) | Checkout source code |   token: ***
CI: Test (ubuntu-latest, py3.13) | Checkout source code |   ssh-strict: true
CI: Test (ubuntu-latest, py3.13) | Checkout source code |   ssh-user: git
CI: Test (ubuntu-latest, py3.13) | Checkout source code |   persist-credentials: true
CI: Test (ubuntu-latest, py3.13) | Checkout source code |   clean: true
CI: Test (ubuntu-latest, py3.13) | Checkout source code |   sparse-checkout-cone-mode: true
CI: Test (ubuntu-latest, py3.13) | Checkout source code |   fetch-depth: 1
CI: Test (ubuntu-latest, py3.13) | Checkout source code |   fetch-tags: false
CI: Test (ubuntu-latest, py3.13) | Checkout source code |   show-progress: true
CI: Test (ubuntu-latest, py3.13) | Checkout source code |   lfs: false
CI: Test (ubuntu-latest, py3.13) | Checkout source code |   submodules: false
CI: Test (ubuntu-latest, py3.13) | Checkout source code |   set-safe-directory: true
CI: Test (ubuntu-latest, py3.13) | Checkout source code |   allow-unsafe-pr-checkout: false
CI: Test (ubuntu-latest, py3.13) | Checkout source code | env:
CI: Test (ubuntu-latest, py3.13) | Checkout source code |   APP_DIR: DevOps/16-github-actions
CI: Test (ubuntu-latest, py3.13) | Checkout source code |   IMAGE_NAME: ghcr.io/astro-dude/devops-assignments/s16-calculator
CI: Test (ubuntu-latest, py3.13) | Checkout source code | ##[endgroup]
CI: Test (ubuntu-latest, py3.13) | Checkout source code | Syncing repository: Astro-Dude/devops-assignments
CI: Test (ubuntu-latest, py3.13) | Checkout source code | ##[group]Getting Git version info
CI: Test (ubuntu-latest, py3.13) | Checkout source code | Working directory is '/home/runner/work/devops-assignments/devops-assignments'
CI: Test (ubuntu-latest, py3.13) | Checkout source code | [command]/usr/bin/git version
CI: Test (ubuntu-latest, py3.13) | Checkout source code | git version 2.55.0
CI: Test (ubuntu-latest, py3.13) | Checkout source code | ##[endgroup]
CI: Test (ubuntu-latest, py3.13) | Checkout source code | Temporarily overriding HOME='/home/runner/work/_temp/4e40173e-a3ae-48eb-88a6-ff41dd79fb55' before making global git config changes
CI: Test (ubuntu-latest, py3.13) | Checkout source code | Adding repository directory to the temporary git global config as a safe directory
CI: Test (ubuntu-latest, py3.13) | Checkout source code | [command]/usr/bin/git config --global --add safe.directory /home/runner/work/devops-assignments/devops-assignments
CI: Test (ubuntu-latest, py3.13) | Checkout source code | Deleting the contents of '/home/runner/work/devops-assignments/devops-assignments'
CI: Test (ubuntu-latest, py3.13) | Checkout source code | ##[group]Determining repository object format
CI: Test (ubuntu-latest, py3.13) | Checkout source code | ##[endgroup]
CI: Test (ubuntu-latest, py3.13) | Checkout source code | ##[group]Initializing the repository
CI: Test (ubuntu-latest, py3.13) | Checkout source code | [command]/usr/bin/git init /home/runner/work/devops-assignments/devops-assignments
CI: Test (ubuntu-latest, py3.13) | Checkout source code | hint: Using 'master' as the name for the initial branch. This default branch name
CI: Test (ubuntu-latest, py3.13) | Checkout source code | hint: will change to "main" in Git 3.0. To configure the initial branch name
CI: Test (ubuntu-latest, py3.13) | Checkout source code | hint: to use in all of your new repositories, which will suppress this warning,
CI: Test (ubuntu-latest, py3.13) | Checkout source code | hint: call:
CI: Test (ubuntu-latest, py3.13) | Checkout source code | hint:
CI: Test (ubuntu-latest, py3.13) | Checkout source code | hint: 	git config --global init.defaultBranch <name>
CI: Test (ubuntu-latest, py3.13) | Checkout source code | hint:
CI: Test (ubuntu-latest, py3.13) | Checkout source code | hint: Names commonly chosen instead of 'master' are 'main', 'trunk' and
CI: Test (ubuntu-latest, py3.13) | Checkout source code | hint: 'development'. The just-created branch can be renamed via this command:
CI: Test (ubuntu-latest, py3.13) | Checkout source code | hint:
CI: Test (ubuntu-latest, py3.13) | Checkout source code | hint: 	git branch -m <name>
CI: Test (ubuntu-latest, py3.13) | Checkout source code | hint:
CI: Test (ubuntu-latest, py3.13) | Checkout source code | hint: Disable this message with "git config set advice.defaultBranchName false"
CI: Test (ubuntu-latest, py3.13) | Checkout source code | Initialized empty Git repository in /home/runner/work/devops-assignments/devops-assignments/.git/
CI: Test (ubuntu-latest, py3.13) | Checkout source code | [command]/usr/bin/git remote add origin https://github.com/Astro-Dude/devops-assignments
CI: Test (ubuntu-latest, py3.13) | Checkout source code | ##[endgroup]
CI: Test (ubuntu-latest, py3.13) | Checkout source code | ##[group]Disabling automatic garbage collection
CI: Test (ubuntu-latest, py3.13) | Checkout source code | [command]/usr/bin/git config --local gc.auto 0
CI: Test (ubuntu-latest, py3.13) | Checkout source code | ##[endgroup]
CI: Test (ubuntu-latest, py3.13) | Checkout source code | ##[group]Setting up auth
CI: Test (ubuntu-latest, py3.13) | Checkout source code | Removing SSH command configuration
CI: Test (ubuntu-latest, py3.13) | Checkout source code | [command]/usr/bin/git config --local --name-only --get-regexp core\.sshCommand
CI: Test (ubuntu-latest, py3.13) | Checkout source code | [command]/usr/bin/git submodule foreach --recursive sh -c "git config --local --name-only --get-regexp 'core\.sshCommand' && git config --local --unset-all 'core.sshCommand' || :"
CI: Test (ubuntu-latest, py3.13) | Checkout source code | Removing HTTP extra header
CI: Test (ubuntu-latest, py3.13) | Checkout source code | [command]/usr/bin/git config --local --name-only --get-regexp http\.https\:\/\/github\.com\/\.extraheader
CI: Test (ubuntu-latest, py3.13) | Checkout source code | [command]/usr/bin/git submodule foreach --recursive sh -c "git config --local --name-only --get-regexp 'http\.https\:\/\/github\.com\/\.extraheader' && git config --local --unset-all 'http.https://github.com/.extraheader' || :"
CI: Test (ubuntu-latest, py3.13) | Checkout source code | Removing includeIf entries pointing to credentials config files
CI: Test (ubuntu-latest, py3.13) | Checkout source code | [command]/usr/bin/git config --local --name-only --get-regexp ^includeIf\.gitdir:
CI: Test (ubuntu-latest, py3.13) | Checkout source code | [command]/usr/bin/git submodule foreach --recursive git config --local --show-origin --name-only --get-regexp remote.origin.url
CI: Test (ubuntu-latest, py3.13) | Checkout source code | [command]/usr/bin/git config --file /home/runner/work/_temp/git-credentials-fe9c330a-fe27-4d3b-bc82-f4cf17d89e04.config http.https://github.com/.extraheader AUTHORIZATION: basic ***
CI: Test (ubuntu-latest, py3.13) | Checkout source code | [command]/usr/bin/git config --local includeIf.gitdir:/home/runner/work/devops-assignments/devops-assignments/.git.path /home/runner/work/_temp/git-credentials-fe9c330a-fe27-4d3b-bc82-f4cf17d89e04.config
CI: Test (ubuntu-latest, py3.13) | Checkout source code | [command]/usr/bin/git config --local includeIf.gitdir:/home/runner/work/devops-assignments/devops-assignments/.git/worktrees/*.path /home/runner/work/_temp/git-credentials-fe9c330a-fe27-4d3b-bc82-f4cf17d89e04.config
CI: Test (ubuntu-latest, py3.13) | Checkout source code | [command]/usr/bin/git config --local includeIf.gitdir:/github/workspace/.git.path /github/runner_temp/git-credentials-fe9c330a-fe27-4d3b-bc82-f4cf17d89e04.config
CI: Test (ubuntu-latest, py3.13) | Checkout source code | [command]/usr/bin/git config --local includeIf.gitdir:/github/workspace/.git/worktrees/*.path /github/runner_temp/git-credentials-fe9c330a-fe27-4d3b-bc82-f4cf17d89e04.config
CI: Test (ubuntu-latest, py3.13) | Checkout source code | ##[endgroup]
CI: Test (ubuntu-latest, py3.13) | Checkout source code | ##[group]Fetching the repository
CI: Test (ubuntu-latest, py3.13) | Checkout source code | [command]/usr/bin/git -c protocol.version=2 fetch --no-tags --prune --no-recurse-submodules --depth=1 origin +aad6094c7b9df37c04216f70746f4700b94e49bd:refs/remotes/origin/main
CI: Test (ubuntu-latest, py3.13) | Checkout source code | From https://github.com/Astro-Dude/devops-assignments
CI: Test (ubuntu-latest, py3.13) | Checkout source code |  * [new ref]         aad6094c7b9df37c04216f70746f4700b94e49bd -> origin/main
CI: Test (ubuntu-latest, py3.13) | Checkout source code | [command]/usr/bin/git branch --list --remote origin/main
CI: Test (ubuntu-latest, py3.13) | Checkout source code |   origin/main
CI: Test (ubuntu-latest, py3.13) | Checkout source code | [command]/usr/bin/git rev-parse refs/remotes/origin/main
CI: Test (ubuntu-latest, py3.13) | Checkout source code | aad6094c7b9df37c04216f70746f4700b94e49bd
CI: Test (ubuntu-latest, py3.13) | Checkout source code | ##[endgroup]
CI: Test (ubuntu-latest, py3.13) | Checkout source code | ##[group]Determining the checkout info
CI: Test (ubuntu-latest, py3.13) | Checkout source code | ##[endgroup]
CI: Test (ubuntu-latest, py3.13) | Checkout source code | [command]/usr/bin/git sparse-checkout disable
CI: Test (ubuntu-latest, py3.13) | Checkout source code | [command]/usr/bin/git config --local --unset-all extensions.worktreeConfig
CI: Test (ubuntu-latest, py3.13) | Checkout source code | ##[group]Checking out the ref
CI: Test (ubuntu-latest, py3.13) | Checkout source code | [command]/usr/bin/git checkout --progress --force -B main refs/remotes/origin/main
CI: Test (ubuntu-latest, py3.13) | Checkout source code | Switched to a new branch 'main'
CI: Test (ubuntu-latest, py3.13) | Checkout source code | branch 'main' set up to track 'origin/main'.
CI: Test (ubuntu-latest, py3.13) | Checkout source code | ##[endgroup]
CI: Test (ubuntu-latest, py3.13) | Checkout source code | [command]/usr/bin/git log -1 --format=%H
CI: Test (ubuntu-latest, py3.13) | Checkout source code | aad6094c7b9df37c04216f70746f4700b94e49bd
CI: Test (ubuntu-latest, py3.13) | Show runner details | ##[group]Run echo "Runner name : $RUNNER_NAME"
CI: Test (ubuntu-latest, py3.13) | Show runner details | echo "Runner name : $RUNNER_NAME"
CI: Test (ubuntu-latest, py3.13) | Show runner details | echo "Runner OS   : $RUNNER_OS ($RUNNER_ARCH)"
CI: Test (ubuntu-latest, py3.13) | Show runner details | echo "Image       : ${ImageOS:-n/a} ${ImageVersion:-}"
CI: Test (ubuntu-latest, py3.13) | Show runner details | echo "Workspace   : $GITHUB_WORKSPACE"
CI: Test (ubuntu-latest, py3.13) | Show runner details | echo "Triggered by: $GITHUB_EVENT_NAME on $GITHUB_REF by $GITHUB_ACTOR (run $GITHUB_RUN_ID, attempt $GITHUB_RUN_ATTEMPT)"
CI: Test (ubuntu-latest, py3.13) | Show runner details | shell: /usr/bin/bash --noprofile --norc -e -o pipefail {0}
CI: Test (ubuntu-latest, py3.13) | Show runner details | env:
CI: Test (ubuntu-latest, py3.13) | Show runner details |   APP_DIR: DevOps/16-github-actions
CI: Test (ubuntu-latest, py3.13) | Show runner details |   IMAGE_NAME: ghcr.io/astro-dude/devops-assignments/s16-calculator
CI: Test (ubuntu-latest, py3.13) | Show runner details | ##[endgroup]
CI: Test (ubuntu-latest, py3.13) | Show runner details | Runner name : GitHub Actions 1000001553
CI: Test (ubuntu-latest, py3.13) | Show runner details | Runner OS   : Linux (X64)
CI: Test (ubuntu-latest, py3.13) | Show runner details | Image       : ubuntu24 20260927.320.1
CI: Test (ubuntu-latest, py3.13) | Show runner details | Workspace   : /home/runner/work/devops-assignments/devops-assignments
CI: Test (ubuntu-latest, py3.13) | Show runner details | Triggered by: push on refs/heads/main by Astro-Dude (run 37627185543, attempt 1)
CI: Test (ubuntu-latest, py3.13) | Setup Python 3.13 | ##[group]Run actions/setup-python@v7
CI: Test (ubuntu-latest, py3.13) | Setup Python 3.13 | with:
CI: Test (ubuntu-latest, py3.13) | Setup Python 3.13 |   python-version: 3.13
CI: Test (ubuntu-latest, py3.13) | Setup Python 3.13 |   cache: pip
CI: Test (ubuntu-latest, py3.13) | Setup Python 3.13 |   cache-dependency-path: DevOps/16-github-actions/requirements*.txt
CI: Test (ubuntu-latest, py3.13) | Setup Python 3.13 |   check-latest: false
CI: Test (ubuntu-latest, py3.13) | Setup Python 3.13 |   token: ***
CI: Test (ubuntu-latest, py3.13) | Setup Python 3.13 |   update-environment: true
CI: Test (ubuntu-latest, py3.13) | Setup Python 3.13 |   allow-prereleases: false
CI: Test (ubuntu-latest, py3.13) | Setup Python 3.13 |   freethreaded: false
CI: Test (ubuntu-latest, py3.13) | Setup Python 3.13 | env:
CI: Test (ubuntu-latest, py3.13) | Setup Python 3.13 |   APP_DIR: DevOps/16-github-actions
CI: Test (ubuntu-latest, py3.13) | Setup Python 3.13 |   IMAGE_NAME: ghcr.io/astro-dude/devops-assignments/s16-calculator
CI: Test (ubuntu-latest, py3.13) | Setup Python 3.13 | ##[endgroup]
CI: Test (ubuntu-latest, py3.13) | Setup Python 3.13 | ##[group]Installed versions
CI: Test (ubuntu-latest, py3.13) | Setup Python 3.13 | Successfully set up CPython (3.13.15)
CI: Test (ubuntu-latest, py3.13) | Setup Python 3.13 | ##[endgroup]
CI: Test (ubuntu-latest, py3.13) | Setup Python 3.13 | [command]/opt/hostedtoolcache/Python/3.13.15/x64/bin/pip cache dir
CI: Test (ubuntu-latest, py3.13) | Setup Python 3.13 | /home/runner/.cache/pip
CI: Test (ubuntu-latest, py3.13) | Setup Python 3.13 | Cache hit for: setup-python-Linux-x64-24.04-Ubuntu-python-3.13.15-pip-b1dc199ea45d2202eec2360384e0940e1b0814b37194d3c64957a0b9a37b9d79
CI: Test (ubuntu-latest, py3.13) | Setup Python 3.13 | Received 4248944 of 4248944 (100.0%), 6.9 MBs/sec
CI: Test (ubuntu-latest, py3.13) | Setup Python 3.13 | Cache Size: ~4 MB (4248944 B)
CI: Test (ubuntu-latest, py3.13) | Setup Python 3.13 | [command]/usr/bin/tar -xf /home/runner/work/_temp/bb87d191-d7be-44a6-aecb-86a0907f2657/cache.tzst -P -C /home/runner/work/devops-assignments/devops-assignments --use-compress-program unzstd
CI: Test (ubuntu-latest, py3.13) | Setup Python 3.13 | Cache restored successfully
CI: Test (ubuntu-latest, py3.13) | Setup Python 3.13 | Cache restored from key: setup-python-Linux-x64-24.04-Ubuntu-python-3.13.15-pip-b1dc199ea45d2202eec2360384e0940e1b0814b37194d3c64957a0b9a37b9d79
CI: Test (ubuntu-latest, py3.13) | Install dependencies | ##[group]Run python --version
CI: Test (ubuntu-latest, py3.13) | Install dependencies | python --version
CI: Test (ubuntu-latest, py3.13) | Install dependencies | python -m pip install --upgrade pip
CI: Test (ubuntu-latest, py3.13) | Install dependencies | pip install -r requirements-dev.txt
CI: Test (ubuntu-latest, py3.13) | Install dependencies | shell: /usr/bin/bash --noprofile --norc -e -o pipefail {0}
CI: Test (ubuntu-latest, py3.13) | Install dependencies | env:
CI: Test (ubuntu-latest, py3.13) | Install dependencies |   APP_DIR: DevOps/16-github-actions
CI: Test (ubuntu-latest, py3.13) | Install dependencies |   IMAGE_NAME: ghcr.io/astro-dude/devops-assignments/s16-calculator
CI: Test (ubuntu-latest, py3.13) | Install dependencies |   pythonLocation: /opt/hostedtoolcache/Python/3.13.15/x64
CI: Test (ubuntu-latest, py3.13) | Install dependencies |   PKG_CONFIG_PATH: /opt/hostedtoolcache/Python/3.13.15/x64/lib/pkgconfig
CI: Test (ubuntu-latest, py3.13) | Install dependencies |   Python_ROOT_DIR: /opt/hostedtoolcache/Python/3.13.15/x64
CI: Test (ubuntu-latest, py3.13) | Install dependencies |   Python2_ROOT_DIR: /opt/hostedtoolcache/Python/3.13.15/x64
CI: Test (ubuntu-latest, py3.13) | Install dependencies |   Python3_ROOT_DIR: /opt/hostedtoolcache/Python/3.13.15/x64
CI: Test (ubuntu-latest, py3.13) | Install dependencies |   LD_LIBRARY_PATH: /opt/hostedtoolcache/Python/3.13.15/x64/lib
CI: Test (ubuntu-latest, py3.13) | Install dependencies | ##[endgroup]
CI: Test (ubuntu-latest, py3.13) | Install dependencies | Python 3.13.15
CI: Test (ubuntu-latest, py3.13) | Install dependencies | Requirement already satisfied: pip in /opt/hostedtoolcache/Python/3.13.15/x64/lib/python3.13/site-packages (26.2.1)
CI: Test (ubuntu-latest, py3.13) | Install dependencies | Collecting flask==3.1.3 (from -r /home/runner/work/devops-assignments/devops-assignments/DevOps/16-github-actions/requirements.txt (line 1))
CI: Test (ubuntu-latest, py3.13) | Install dependencies |   Using cached flask-3.1.3-py3-none-any.whl.metadata (3.2 kB)
CI: Test (ubuntu-latest, py3.13) | Install dependencies | Collecting gunicorn==26.2.0 (from -r /home/runner/work/devops-assignments/devops-assignments/DevOps/16-github-actions/requirements.txt (line 2))
CI: Test (ubuntu-latest, py3.13) | Install dependencies |   Using cached gunicorn-26.2.0-py3-none-any.whl.metadata (5.5 kB)
CI: Test (ubuntu-latest, py3.13) | Install dependencies | Collecting pytest==9.1.1 (from -r requirements-dev.txt (line 2))
CI: Test (ubuntu-latest, py3.13) | Install dependencies |   Using cached pytest-9.1.1-py3-none-any.whl.metadata (7.6 kB)
CI: Test (ubuntu-latest, py3.13) | Install dependencies | Collecting pytest-cov==7.1.0 (from -r requirements-dev.txt (line 3))
CI: Test (ubuntu-latest, py3.13) | Install dependencies |   Using cached pytest_cov-7.1.0-py3-none-any.whl.metadata (32 kB)
CI: Test (ubuntu-latest, py3.13) | Install dependencies | Collecting blinker>=1.9.0 (from flask==3.1.3->-r /home/runner/work/devops-assignments/devops-assignments/DevOps/16-github-actions/requirements.txt (line 1))
CI: Test (ubuntu-latest, py3.13) | Install dependencies |   Using cached blinker-1.9.0-py3-none-any.whl.metadata (1.6 kB)
CI: Test (ubuntu-latest, py3.13) | Install dependencies | Collecting click>=8.1.3 (from flask==3.1.3->-r /home/runner/work/devops-assignments/devops-assignments/DevOps/16-github-actions/requirements.txt (line 1))
CI: Test (ubuntu-latest, py3.13) | Install dependencies |   Using cached click-8.5.0-py3-none-any.whl.metadata (2.6 kB)
CI: Test (ubuntu-latest, py3.13) | Install dependencies | Collecting itsdangerous>=2.2.0 (from flask==3.1.3->-r /home/runner/work/devops-assignments/devops-assignments/DevOps/16-github-actions/requirements.txt (line 1))
CI: Test (ubuntu-latest, py3.13) | Install dependencies |   Using cached itsdangerous-2.2.0-py3-none-any.whl.metadata (1.9 kB)
CI: Test (ubuntu-latest, py3.13) | Install dependencies | Collecting jinja2>=3.1.2 (from flask==3.1.3->-r /home/runner/work/devops-assignments/devops-assignments/DevOps/16-github-actions/requirements.txt (line 1))
CI: Test (ubuntu-latest, py3.13) | Install dependencies |   Using cached jinja2-3.1.6-py3-none-any.whl.metadata (2.9 kB)
CI: Test (ubuntu-latest, py3.13) | Install dependencies | Collecting markupsafe>=2.1.1 (from flask==3.1.3->-r /home/runner/work/devops-assignments/devops-assignments/DevOps/16-github-actions/requirements.txt (line 1))
CI: Test (ubuntu-latest, py3.13) | Install dependencies |   Using cached markupsafe-3.0.4-cp313-cp313-manylinux2014_x86_64.manylinux_2_17_x86_64.manylinux_2_28_x86_64.whl.metadata (2.7 kB)
CI: Test (ubuntu-latest, py3.13) | Install dependencies | Collecting werkzeug>=3.1.0 (from flask==3.1.3->-r /home/runner/work/devops-assignments/devops-assignments/DevOps/16-github-actions/requirements.txt (line 1))
CI: Test (ubuntu-latest, py3.13) | Install dependencies |   Using cached werkzeug-3.1.9-py3-none-any.whl.metadata (4.1 kB)
CI: Test (ubuntu-latest, py3.13) | Install dependencies | Collecting iniconfig>=1.0.1 (from pytest==9.1.1->-r requirements-dev.txt (line 2))
CI: Test (ubuntu-latest, py3.13) | Install dependencies |   Using cached iniconfig-2.3.1-py3-none-any.whl.metadata (2.8 kB)
CI: Test (ubuntu-latest, py3.13) | Install dependencies | Collecting packaging>=22 (from pytest==9.1.1->-r requirements-dev.txt (line 2))
CI: Test (ubuntu-latest, py3.13) | Install dependencies |   Using cached packaging-26.3-py3-none-any.whl.metadata (3.5 kB)
CI: Test (ubuntu-latest, py3.13) | Install dependencies | Collecting pluggy<2,>=1.5 (from pytest==9.1.1->-r requirements-dev.txt (line 2))
CI: Test (ubuntu-latest, py3.13) | Install dependencies |   Using cached pluggy-1.6.0-py3-none-any.whl.metadata (4.8 kB)
CI: Test (ubuntu-latest, py3.13) | Install dependencies | Collecting pygments>=2.7.2 (from pytest==9.1.1->-r requirements-dev.txt (line 2))
CI: Test (ubuntu-latest, py3.13) | Install dependencies |   Using cached pygments-2.21.0-py3-none-any.whl.metadata (2.5 kB)
CI: Test (ubuntu-latest, py3.13) | Install dependencies | Collecting coverage>=7.10.6 (from coverage[toml]>=7.10.6->pytest-cov==7.1.0->-r requirements-dev.txt (line 3))
CI: Test (ubuntu-latest, py3.13) | Install dependencies |   Using cached coverage-7.16.2-cp313-cp313-manylinux1_x86_64.manylinux_2_28_x86_64.manylinux_2_5_x86_64.whl.metadata (8.2 kB)
CI: Test (ubuntu-latest, py3.13) | Install dependencies | Using cached flask-3.1.3-py3-none-any.whl (103 kB)
CI: Test (ubuntu-latest, py3.13) | Install dependencies | Using cached gunicorn-26.2.0-py3-none-any.whl (228 kB)
CI: Test (ubuntu-latest, py3.13) | Install dependencies | Using cached pytest-9.1.1-py3-none-any.whl (386 kB)
CI: Test (ubuntu-latest, py3.13) | Install dependencies | Using cached pytest_cov-7.1.0-py3-none-any.whl (22 kB)
CI: Test (ubuntu-latest, py3.13) | Install dependencies | Using cached pluggy-1.6.0-py3-none-any.whl (20 kB)
CI: Test (ubuntu-latest, py3.13) | Install dependencies | Using cached blinker-1.9.0-py3-none-any.whl (8.5 kB)
CI: Test (ubuntu-latest, py3.13) | Install dependencies | Using cached click-8.5.0-py3-none-any.whl (125 kB)
CI: Test (ubuntu-latest, py3.13) | Install dependencies | Using cached coverage-7.16.2-cp313-cp313-manylinux1_x86_64.manylinux_2_28_x86_64.manylinux_2_5_x86_64.whl (257 kB)
CI: Test (ubuntu-latest, py3.13) | Install dependencies | Using cached iniconfig-2.3.1-py3-none-any.whl (7.6 kB)
CI: Test (ubuntu-latest, py3.13) | Install dependencies | Using cached itsdangerous-2.2.0-py3-none-any.whl (16 kB)
CI: Test (ubuntu-latest, py3.13) | Install dependencies | Using cached jinja2-3.1.6-py3-none-any.whl (134 kB)
CI: Test (ubuntu-latest, py3.13) | Install dependencies | Using cached markupsafe-3.0.4-cp313-cp313-manylinux2014_x86_64.manylinux_2_17_x86_64.manylinux_2_28_x86_64.whl (23 kB)
CI: Test (ubuntu-latest, py3.13) | Install dependencies | Using cached packaging-26.3-py3-none-any.whl (129 kB)
CI: Test (ubuntu-latest, py3.13) | Install dependencies | Using cached pygments-2.21.0-py3-none-any.whl (1.3 MB)
CI: Test (ubuntu-latest, py3.13) | Install dependencies | Using cached werkzeug-3.1.9-py3-none-any.whl (228 kB)
CI: Test (ubuntu-latest, py3.13) | Install dependencies | Installing collected packages: pygments, pluggy, packaging, markupsafe, itsdangerous, iniconfig, gunicorn, coverage, click, blinker, werkzeug, pytest, jinja2, pytest-cov, flask
CI: Test (ubuntu-latest, py3.13) | Install dependencies | 
CI: Test (ubuntu-latest, py3.13) | Install dependencies | Successfully installed blinker-1.9.0 click-8.5.0 coverage-7.16.2 flask-3.1.3 gunicorn-26.2.0 iniconfig-2.3.1 itsdangerous-2.2.0 jinja2-3.1.6 markupsafe-3.0.4 packaging-26.3 pluggy-1.6.0 pygments-2.21.0 pytest-9.1.1 pytest-cov-7.1.0 werkzeug-3.1.9
CI: Test (ubuntu-latest, py3.13) | Run unit tests with coverage | ##[group]Run mkdir -p reports
CI: Test (ubuntu-latest, py3.13) | Run unit tests with coverage | mkdir -p reports
CI: Test (ubuntu-latest, py3.13) | Run unit tests with coverage | pytest -v \
CI: Test (ubuntu-latest, py3.13) | Run unit tests with coverage |   --junitxml=reports/junit.xml \
CI: Test (ubuntu-latest, py3.13) | Run unit tests with coverage |   --cov --cov-report=term \
CI: Test (ubuntu-latest, py3.13) | Run unit tests with coverage |   --cov-report=xml:reports/coverage.xml \
CI: Test (ubuntu-latest, py3.13) | Run unit tests with coverage |   --cov-report=html:reports/htmlcov \
CI: Test (ubuntu-latest, py3.13) | Run unit tests with coverage |   --cov-fail-under=90
CI: Test (ubuntu-latest, py3.13) | Run unit tests with coverage | shell: /usr/bin/bash --noprofile --norc -e -o pipefail {0}
CI: Test (ubuntu-latest, py3.13) | Run unit tests with coverage | env:
CI: Test (ubuntu-latest, py3.13) | Run unit tests with coverage |   APP_DIR: DevOps/16-github-actions
CI: Test (ubuntu-latest, py3.13) | Run unit tests with coverage |   IMAGE_NAME: ghcr.io/astro-dude/devops-assignments/s16-calculator
CI: Test (ubuntu-latest, py3.13) | Run unit tests with coverage |   pythonLocation: /opt/hostedtoolcache/Python/3.13.15/x64
CI: Test (ubuntu-latest, py3.13) | Run unit tests with coverage |   PKG_CONFIG_PATH: /opt/hostedtoolcache/Python/3.13.15/x64/lib/pkgconfig
CI: Test (ubuntu-latest, py3.13) | Run unit tests with coverage |   Python_ROOT_DIR: /opt/hostedtoolcache/Python/3.13.15/x64
CI: Test (ubuntu-latest, py3.13) | Run unit tests with coverage |   Python2_ROOT_DIR: /opt/hostedtoolcache/Python/3.13.15/x64
CI: Test (ubuntu-latest, py3.13) | Run unit tests with coverage |   Python3_ROOT_DIR: /opt/hostedtoolcache/Python/3.13.15/x64
CI: Test (ubuntu-latest, py3.13) | Run unit tests with coverage |   LD_LIBRARY_PATH: /opt/hostedtoolcache/Python/3.13.15/x64/lib
CI: Test (ubuntu-latest, py3.13) | Run unit tests with coverage | ##[endgroup]
CI: Test (ubuntu-latest, py3.13) | Run unit tests with coverage | ============================= test session starts ==============================
CI: Test (ubuntu-latest, py3.13) | Run unit tests with coverage | platform linux -- Python 3.13.15, pytest-9.1.1, pluggy-1.6.0 -- /opt/hostedtoolcache/Python/3.13.15/x64/bin/python
CI: Test (ubuntu-latest, py3.13) | Run unit tests with coverage | cachedir: .pytest_cache
CI: Test (ubuntu-latest, py3.13) | Run unit tests with coverage | rootdir: /home/runner/work/devops-assignments/devops-assignments/DevOps/16-github-actions
CI: Test (ubuntu-latest, py3.13) | Run unit tests with coverage | configfile: pytest.ini
CI: Test (ubuntu-latest, py3.13) | Run unit tests with coverage | testpaths: tests
CI: Test (ubuntu-latest, py3.13) | Run unit tests with coverage | plugins: cov-7.1.0
CI: Test (ubuntu-latest, py3.13) | Run unit tests with coverage | collecting ... collected 16 items
CI: Test (ubuntu-latest, py3.13) | Run unit tests with coverage | 
CI: Test (ubuntu-latest, py3.13) | Run unit tests with coverage | tests/test_api.py::test_health PASSED                                    [  6%]
CI: Test (ubuntu-latest, py3.13) | Run unit tests with coverage | tests/test_api.py::test_index_lists_operations PASSED                    [ 12%]
CI: Test (ubuntu-latest, py3.13) | Run unit tests with coverage | tests/test_api.py::test_operations[add-2-3-5] PASSED                     [ 18%]
CI: Test (ubuntu-latest, py3.13) | Run unit tests with coverage | tests/test_api.py::test_operations[subtract-9-4-5] PASSED                [ 25%]
CI: Test (ubuntu-latest, py3.13) | Run unit tests with coverage | tests/test_api.py::test_operations[multiply-6-7-42] PASSED               [ 31%]
CI: Test (ubuntu-latest, py3.13) | Run unit tests with coverage | tests/test_api.py::test_operations[divide-9-2-4.5] PASSED                [ 37%]
CI: Test (ubuntu-latest, py3.13) | Run unit tests with coverage | tests/test_api.py::test_divide_by_zero_returns_400 PASSED                [ 43%]
CI: Test (ubuntu-latest, py3.13) | Run unit tests with coverage | tests/test_api.py::test_unknown_operation_returns_404 PASSED             [ 50%]
CI: Test (ubuntu-latest, py3.13) | Run unit tests with coverage | tests/test_api.py::test_missing_parameter_returns_400 PASSED             [ 56%]
CI: Test (ubuntu-latest, py3.13) | Run unit tests with coverage | tests/test_api.py::test_non_numeric_parameter_returns_400 PASSED         [ 62%]
CI: Test (ubuntu-latest, py3.13) | Run unit tests with coverage | tests/test_calculator.py::test_add PASSED                                [ 68%]
CI: Test (ubuntu-latest, py3.13) | Run unit tests with coverage | tests/test_calculator.py::test_add_negative PASSED                       [ 75%]
CI: Test (ubuntu-latest, py3.13) | Run unit tests with coverage | tests/test_calculator.py::test_subtract PASSED                           [ 81%]
CI: Test (ubuntu-latest, py3.13) | Run unit tests with coverage | tests/test_calculator.py::test_multiply PASSED                           [ 87%]
CI: Test (ubuntu-latest, py3.13) | Run unit tests with coverage | tests/test_calculator.py::test_divide PASSED                             [ 93%]
CI: Test (ubuntu-latest, py3.13) | Run unit tests with coverage | tests/test_calculator.py::test_divide_by_zero PASSED                     [100%]
CI: Test (ubuntu-latest, py3.13) | Run unit tests with coverage | 
CI: Test (ubuntu-latest, py3.13) | Run unit tests with coverage | - generated xml file: /home/runner/work/devops-assignments/devops-assignments/DevOps/16-github-actions/reports/junit.xml -
CI: Test (ubuntu-latest, py3.13) | Run unit tests with coverage | ================================ tests coverage ================================
CI: Test (ubuntu-latest, py3.13) | Run unit tests with coverage | _______________ coverage: platform linux, python 3.13.15-final-0 _______________
CI: Test (ubuntu-latest, py3.13) | Run unit tests with coverage | 
CI: Test (ubuntu-latest, py3.13) | Run unit tests with coverage | Name                Stmts   Miss  Cover
CI: Test (ubuntu-latest, py3.13) | Run unit tests with coverage | ---------------------------------------
CI: Test (ubuntu-latest, py3.13) | Run unit tests with coverage | app/__init__.py         1      0   100%
CI: Test (ubuntu-latest, py3.13) | Run unit tests with coverage | app/calculator.py      11      0   100%
CI: Test (ubuntu-latest, py3.13) | Run unit tests with coverage | app/main.py            32      0   100%
CI: Test (ubuntu-latest, py3.13) | Run unit tests with coverage | ---------------------------------------
CI: Test (ubuntu-latest, py3.13) | Run unit tests with coverage | TOTAL                  44      0   100%
CI: Test (ubuntu-latest, py3.13) | Run unit tests with coverage | Coverage HTML written to dir reports/htmlcov
CI: Test (ubuntu-latest, py3.13) | Run unit tests with coverage | Coverage XML written to file reports/coverage.xml
CI: Test (ubuntu-latest, py3.13) | Run unit tests with coverage | Required test coverage of 90% reached. Total coverage: 100.00%
CI: Test (ubuntu-latest, py3.13) | Run unit tests with coverage | ============================== 16 passed in 0.23s ==============================
CI: Test (ubuntu-latest, py3.13) | Upload test report + coverage artifact | ##[group]Run actions/upload-artifact@v7
CI: Test (ubuntu-latest, py3.13) | Upload test report + coverage artifact | with:
CI: Test (ubuntu-latest, py3.13) | Upload test report + coverage artifact |   name: test-report-ubuntu-latest-py3.13
CI: Test (ubuntu-latest, py3.13) | Upload test report + coverage artifact |   path: DevOps/16-github-actions/reports/
CI: Test (ubuntu-latest, py3.13) | Upload test report + coverage artifact |   retention-days: 14
CI: Test (ubuntu-latest, py3.13) | Upload test report + coverage artifact |   if-no-files-found: warn
CI: Test (ubuntu-latest, py3.13) | Upload test report + coverage artifact |   compression-level: 6
CI: Test (ubuntu-latest, py3.13) | Upload test report + coverage artifact |   overwrite: false
CI: Test (ubuntu-latest, py3.13) | Upload test report + coverage artifact |   include-hidden-files: false
CI: Test (ubuntu-latest, py3.13) | Upload test report + coverage artifact |   archive: true
CI: Test (ubuntu-latest, py3.13) | Upload test report + coverage artifact | env:
CI: Test (ubuntu-latest, py3.13) | Upload test report + coverage artifact |   APP_DIR: DevOps/16-github-actions
CI: Test (ubuntu-latest, py3.13) | Upload test report + coverage artifact |   IMAGE_NAME: ghcr.io/astro-dude/devops-assignments/s16-calculator
CI: Test (ubuntu-latest, py3.13) | Upload test report + coverage artifact |   pythonLocation: /opt/hostedtoolcache/Python/3.13.15/x64
CI: Test (ubuntu-latest, py3.13) | Upload test report + coverage artifact |   PKG_CONFIG_PATH: /opt/hostedtoolcache/Python/3.13.15/x64/lib/pkgconfig
CI: Test (ubuntu-latest, py3.13) | Upload test report + coverage artifact |   Python_ROOT_DIR: /opt/hostedtoolcache/Python/3.13.15/x64
CI: Test (ubuntu-latest, py3.13) | Upload test report + coverage artifact |   Python2_ROOT_DIR: /opt/hostedtoolcache/Python/3.13.15/x64
CI: Test (ubuntu-latest, py3.13) | Upload test report + coverage artifact |   Python3_ROOT_DIR: /opt/hostedtoolcache/Python/3.13.15/x64
CI: Test (ubuntu-latest, py3.13) | Upload test report + coverage artifact |   LD_LIBRARY_PATH: /opt/hostedtoolcache/Python/3.13.15/x64/lib
CI: Test (ubuntu-latest, py3.13) | Upload test report + coverage artifact | ##[endgroup]
CI: Test (ubuntu-latest, py3.13) | Upload test report + coverage artifact | With the provided path, there will be 13 files uploaded
CI: Test (ubuntu-latest, py3.13) | Upload test report + coverage artifact | Artifact name is valid!
CI: Test (ubuntu-latest, py3.13) | Upload test report + coverage artifact | Root directory input is valid!
CI: Test (ubuntu-latest, py3.13) | Upload test report + coverage artifact | Uploading artifact: test-report-ubuntu-latest-py3.13.zip
CI: Test (ubuntu-latest, py3.13) | Upload test report + coverage artifact | Beginning upload of artifact content to blob storage
CI: Test (ubuntu-latest, py3.13) | Upload test report + coverage artifact | Uploaded bytes 30875
CI: Test (ubuntu-latest, py3.13) | Upload test report + coverage artifact | Finished uploading artifact content to blob storage!
CI: Test (ubuntu-latest, py3.13) | Upload test report + coverage artifact | SHA256 digest of uploaded artifact is c13b804818d7a3f69074f7242825e0d036f060ea93cd636673a0d7cb87bcd683
CI: Test (ubuntu-latest, py3.13) | Upload test report + coverage artifact | Finalizing artifact upload
CI: Test (ubuntu-latest, py3.13) | Upload test report + coverage artifact | Artifact test-report-ubuntu-latest-py3.13 successfully finalized. Artifact ID 11485130350
CI: Test (ubuntu-latest, py3.13) | Upload test report + coverage artifact | Artifact test-report-ubuntu-latest-py3.13 has been successfully uploaded! Final size is 30875 bytes. Artifact ID is 11485130350
CI: Test (ubuntu-latest, py3.13) | Upload test report + coverage artifact | Artifact download URL: https://github.com/Astro-Dude/devops-assignments/actions/runs/37627185543/artifacts/11485130350
CI: Test (ubuntu-latest, py3.13) | Post Setup Python 3.13 | Post job cleanup.
CI: Test (ubuntu-latest, py3.13) | Post Setup Python 3.13 | Cache hit occurred on the primary key setup-python-Linux-x64-24.04-Ubuntu-python-3.13.15-pip-b1dc199ea45d2202eec2360384e0940e1b0814b37194d3c64957a0b9a37b9d79, not saving cache.
CI: Test (ubuntu-latest, py3.13) | Post Checkout source code | Post job cleanup.
CI: Test (ubuntu-latest, py3.13) | Post Checkout source code | [command]/usr/bin/git version
CI: Test (ubuntu-latest, py3.13) | Post Checkout source code | git version 2.55.0
CI: Test (ubuntu-latest, py3.13) | Post Checkout source code | Temporarily overriding HOME='/home/runner/work/_temp/9a544186-b23f-4a66-b49f-1dab0503536f' before making global git config changes
CI: Test (ubuntu-latest, py3.13) | Post Checkout source code | Adding repository directory to the temporary git global config as a safe directory
CI: Test (ubuntu-latest, py3.13) | Post Checkout source code | [command]/usr/bin/git config --global --add safe.directory /home/runner/work/devops-assignments/devops-assignments
CI: Test (ubuntu-latest, py3.13) | Post Checkout source code | Removing SSH command configuration
CI: Test (ubuntu-latest, py3.13) | Post Checkout source code | [command]/usr/bin/git config --local --name-only --get-regexp core\.sshCommand
CI: Test (ubuntu-latest, py3.13) | Post Checkout source code | [command]/usr/bin/git submodule foreach --recursive sh -c "git config --local --name-only --get-regexp 'core\.sshCommand' && git config --local --unset-all 'core.sshCommand' || :"
CI: Test (ubuntu-latest, py3.13) | Post Checkout source code | Removing HTTP extra header
CI: Test (ubuntu-latest, py3.13) | Post Checkout source code | [command]/usr/bin/git config --local --name-only --get-regexp http\.https\:\/\/github\.com\/\.extraheader
CI: Test (ubuntu-latest, py3.13) | Post Checkout source code | [command]/usr/bin/git submodule foreach --recursive sh -c "git config --local --name-only --get-regexp 'http\.https\:\/\/github\.com\/\.extraheader' && git config --local --unset-all 'http.https://github.com/.extraheader' || :"
CI: Test (ubuntu-latest, py3.13) | Post Checkout source code | Removing includeIf entries pointing to credentials config files
CI: Test (ubuntu-latest, py3.13) | Post Checkout source code | [command]/usr/bin/git config --local --name-only --get-regexp ^includeIf\.gitdir:
CI: Test (ubuntu-latest, py3.13) | Post Checkout source code | includeif.gitdir:/home/runner/work/devops-assignments/devops-assignments/.git.path
CI: Test (ubuntu-latest, py3.13) | Post Checkout source code | includeif.gitdir:/home/runner/work/devops-assignments/devops-assignments/.git/worktrees/*.path
CI: Test (ubuntu-latest, py3.13) | Post Checkout source code | includeif.gitdir:/github/workspace/.git.path
CI: Test (ubuntu-latest, py3.13) | Post Checkout source code | includeif.gitdir:/github/workspace/.git/worktrees/*.path
CI: Test (ubuntu-latest, py3.13) | Post Checkout source code | [command]/usr/bin/git config --local --get-all includeif.gitdir:/home/runner/work/devops-assignments/devops-assignments/.git.path
CI: Test (ubuntu-latest, py3.13) | Post Checkout source code | /home/runner/work/_temp/git-credentials-fe9c330a-fe27-4d3b-bc82-f4cf17d89e04.config
CI: Test (ubuntu-latest, py3.13) | Post Checkout source code | [command]/usr/bin/git config --local --unset includeif.gitdir:/home/runner/work/devops-assignments/devops-assignments/.git.path \/home\/runner\/work\/_temp\/git\-credentials\-fe9c330a\-fe27\-4d3b\-bc82\-f4cf17d89e04\.config
CI: Test (ubuntu-latest, py3.13) | Post Checkout source code | [command]/usr/bin/git config --local --get-all includeif.gitdir:/home/runner/work/devops-assignments/devops-assignments/.git/worktrees/*.path
CI: Test (ubuntu-latest, py3.13) | Post Checkout source code | /home/runner/work/_temp/git-credentials-fe9c330a-fe27-4d3b-bc82-f4cf17d89e04.config
CI: Test (ubuntu-latest, py3.13) | Post Checkout source code | [command]/usr/bin/git config --local --unset includeif.gitdir:/home/runner/work/devops-assignments/devops-assignments/.git/worktrees/*.path \/home\/runner\/work\/_temp\/git\-credentials\-fe9c330a\-fe27\-4d3b\-bc82\-f4cf17d89e04\.config
CI: Test (ubuntu-latest, py3.13) | Post Checkout source code | [command]/usr/bin/git config --local --get-all includeif.gitdir:/github/workspace/.git.path
CI: Test (ubuntu-latest, py3.13) | Post Checkout source code | /github/runner_temp/git-credentials-fe9c330a-fe27-4d3b-bc82-f4cf17d89e04.config
CI: Test (ubuntu-latest, py3.13) | Post Checkout source code | [command]/usr/bin/git config --local --unset includeif.gitdir:/github/workspace/.git.path \/github\/runner_temp\/git\-credentials\-fe9c330a\-fe27\-4d3b\-bc82\-f4cf17d89e04\.config
CI: Test (ubuntu-latest, py3.13) | Post Checkout source code | [command]/usr/bin/git config --local --get-all includeif.gitdir:/github/workspace/.git/worktrees/*.path
CI: Test (ubuntu-latest, py3.13) | Post Checkout source code | /github/runner_temp/git-credentials-fe9c330a-fe27-4d3b-bc82-f4cf17d89e04.config
CI: Test (ubuntu-latest, py3.13) | Post Checkout source code | [command]/usr/bin/git config --local --unset includeif.gitdir:/github/workspace/.git/worktrees/*.path \/github\/runner_temp\/git\-credentials\-fe9c330a\-fe27\-4d3b\-bc82\-f4cf17d89e04\.config
CI: Test (ubuntu-latest, py3.13) | Post Checkout source code | [command]/usr/bin/git submodule foreach --recursive git config --local --show-origin --name-only --get-regexp remote.origin.url
CI: Test (ubuntu-latest, py3.13) | Post Checkout source code | Removing credentials config '/home/runner/work/_temp/git-credentials-fe9c330a-fe27-4d3b-bc82-f4cf17d89e04.config'
CI: Test (ubuntu-latest, py3.13) | Complete job | Cleaning up orphan processes
CI: Test (ubuntu-latest, py3.12) | Set up job | Current runner version: '2.337.0'
CI: Test (ubuntu-latest, py3.12) | Set up job | ##[group]Runner Image Provisioner
CI: Test (ubuntu-latest, py3.12) | Set up job | Hosted Compute Agent
CI: Test (ubuntu-latest, py3.12) | Set up job | Version: 20260901.588
CI: Test (ubuntu-latest, py3.12) | Set up job | Commit: f88ec8081b781fac6c440065ac7ff9e710ce3d0b
CI: Test (ubuntu-latest, py3.12) | Set up job | Build Date: 2026-09-01T19:56:44Z
CI: Test (ubuntu-latest, py3.12) | Set up job | Worker ID: {cd3d2dbd-deb0-48e2-a7b0-1df4c43d288c}
CI: Test (ubuntu-latest, py3.12) | Set up job | Azure Region: eastus
CI: Test (ubuntu-latest, py3.12) | Set up job | ##[endgroup]
CI: Test (ubuntu-latest, py3.12) | Set up job | ##[group]Operating System
CI: Test (ubuntu-latest, py3.12) | Set up job | Ubuntu
CI: Test (ubuntu-latest, py3.12) | Set up job | 24.04.5
CI: Test (ubuntu-latest, py3.12) | Set up job | LTS
CI: Test (ubuntu-latest, py3.12) | Set up job | ##[endgroup]
CI: Test (ubuntu-latest, py3.12) | Set up job | ##[group]Runner Image
CI: Test (ubuntu-latest, py3.12) | Set up job | Image: ubuntu-24.04
CI: Test (ubuntu-latest, py3.12) | Set up job | Version: 20260927.320.1
CI: Test (ubuntu-latest, py3.12) | Set up job | Included Software: https://github.com/actions/runner-images/blob/ubuntu24/20260927.320/images/ubuntu/Ubuntu2404-Readme.md
CI: Test (ubuntu-latest, py3.12) | Set up job | Image Release: https://github.com/actions/runner-images/releases/tag/ubuntu24%2F20260927.320
CI: Test (ubuntu-latest, py3.12) | Set up job | ##[endgroup]
CI: Test (ubuntu-latest, py3.12) | Set up job | ##[group]GITHUB_TOKEN Permissions
CI: Test (ubuntu-latest, py3.12) | Set up job | Contents: read
CI: Test (ubuntu-latest, py3.12) | Set up job | Metadata: read
CI: Test (ubuntu-latest, py3.12) | Set up job | ##[endgroup]
CI: Test (ubuntu-latest, py3.12) | Set up job | Secret source: Actions
CI: Test (ubuntu-latest, py3.12) | Set up job | Cache mode: write
CI: Test (ubuntu-latest, py3.12) | Set up job | Prepare workflow directory
CI: Test (ubuntu-latest, py3.12) | Set up job | Prepare all required actions
CI: Test (ubuntu-latest, py3.12) | Set up job | Getting action download info
CI: Test (ubuntu-latest, py3.12) | Set up job | Download action repository 'actions/checkout@v7' (SHA:3d3c42e5aac5ba805825da76410c181273ba90b1)
CI: Test (ubuntu-latest, py3.12) | Set up job | Download action repository 'actions/setup-python@v7' (SHA:5fda3b95a4ea91299a34e894583c3862153e4b97)
CI: Test (ubuntu-latest, py3.12) | Set up job | Download action repository 'actions/upload-artifact@v7' (SHA:cf430e030ddbb5b0abf93d22962f4752f3646cd9)
CI: Test (ubuntu-latest, py3.12) | Set up job | Complete job name: CI: Test (ubuntu-latest, py3.12)
CI: Test (ubuntu-latest, py3.12) | Checkout source code | ##[group]Run actions/checkout@v7
CI: Test (ubuntu-latest, py3.12) | Checkout source code | with:
CI: Test (ubuntu-latest, py3.12) | Checkout source code |   repository: Astro-Dude/devops-assignments
CI: Test (ubuntu-latest, py3.12) | Checkout source code |   token: ***
CI: Test (ubuntu-latest, py3.12) | Checkout source code |   ssh-strict: true
CI: Test (ubuntu-latest, py3.12) | Checkout source code |   ssh-user: git
CI: Test (ubuntu-latest, py3.12) | Checkout source code |   persist-credentials: true
CI: Test (ubuntu-latest, py3.12) | Checkout source code |   clean: true
CI: Test (ubuntu-latest, py3.12) | Checkout source code |   sparse-checkout-cone-mode: true
CI: Test (ubuntu-latest, py3.12) | Checkout source code |   fetch-depth: 1
CI: Test (ubuntu-latest, py3.12) | Checkout source code |   fetch-tags: false
CI: Test (ubuntu-latest, py3.12) | Checkout source code |   show-progress: true
CI: Test (ubuntu-latest, py3.12) | Checkout source code |   lfs: false
CI: Test (ubuntu-latest, py3.12) | Checkout source code |   submodules: false
CI: Test (ubuntu-latest, py3.12) | Checkout source code |   set-safe-directory: true
CI: Test (ubuntu-latest, py3.12) | Checkout source code |   allow-unsafe-pr-checkout: false
CI: Test (ubuntu-latest, py3.12) | Checkout source code | env:
CI: Test (ubuntu-latest, py3.12) | Checkout source code |   APP_DIR: DevOps/16-github-actions
CI: Test (ubuntu-latest, py3.12) | Checkout source code |   IMAGE_NAME: ghcr.io/astro-dude/devops-assignments/s16-calculator
CI: Test (ubuntu-latest, py3.12) | Checkout source code | ##[endgroup]
CI: Test (ubuntu-latest, py3.12) | Checkout source code | Syncing repository: Astro-Dude/devops-assignments
CI: Test (ubuntu-latest, py3.12) | Checkout source code | ##[group]Getting Git version info
CI: Test (ubuntu-latest, py3.12) | Checkout source code | Working directory is '/home/runner/work/devops-assignments/devops-assignments'
CI: Test (ubuntu-latest, py3.12) | Checkout source code | [command]/usr/bin/git version
CI: Test (ubuntu-latest, py3.12) | Checkout source code | git version 2.55.0
CI: Test (ubuntu-latest, py3.12) | Checkout source code | ##[endgroup]
CI: Test (ubuntu-latest, py3.12) | Checkout source code | Temporarily overriding HOME='/home/runner/work/_temp/ff86956b-b3f6-4ccc-8f43-0ff0b88cdc45' before making global git config changes
CI: Test (ubuntu-latest, py3.12) | Checkout source code | Adding repository directory to the temporary git global config as a safe directory
CI: Test (ubuntu-latest, py3.12) | Checkout source code | [command]/usr/bin/git config --global --add safe.directory /home/runner/work/devops-assignments/devops-assignments
CI: Test (ubuntu-latest, py3.12) | Checkout source code | Deleting the contents of '/home/runner/work/devops-assignments/devops-assignments'
CI: Test (ubuntu-latest, py3.12) | Checkout source code | ##[group]Determining repository object format
CI: Test (ubuntu-latest, py3.12) | Checkout source code | ##[endgroup]
CI: Test (ubuntu-latest, py3.12) | Checkout source code | ##[group]Initializing the repository
CI: Test (ubuntu-latest, py3.12) | Checkout source code | [command]/usr/bin/git init /home/runner/work/devops-assignments/devops-assignments
CI: Test (ubuntu-latest, py3.12) | Checkout source code | hint: Using 'master' as the name for the initial branch. This default branch name
CI: Test (ubuntu-latest, py3.12) | Checkout source code | hint: will change to "main" in Git 3.0. To configure the initial branch name
CI: Test (ubuntu-latest, py3.12) | Checkout source code | hint: to use in all of your new repositories, which will suppress this warning,
CI: Test (ubuntu-latest, py3.12) | Checkout source code | hint: call:
CI: Test (ubuntu-latest, py3.12) | Checkout source code | hint:
CI: Test (ubuntu-latest, py3.12) | Checkout source code | hint: 	git config --global init.defaultBranch <name>
CI: Test (ubuntu-latest, py3.12) | Checkout source code | hint:
CI: Test (ubuntu-latest, py3.12) | Checkout source code | hint: Names commonly chosen instead of 'master' are 'main', 'trunk' and
CI: Test (ubuntu-latest, py3.12) | Checkout source code | hint: 'development'. The just-created branch can be renamed via this command:
CI: Test (ubuntu-latest, py3.12) | Checkout source code | hint:
CI: Test (ubuntu-latest, py3.12) | Checkout source code | hint: 	git branch -m <name>
CI: Test (ubuntu-latest, py3.12) | Checkout source code | hint:
CI: Test (ubuntu-latest, py3.12) | Checkout source code | hint: Disable this message with "git config set advice.defaultBranchName false"
CI: Test (ubuntu-latest, py3.12) | Checkout source code | Initialized empty Git repository in /home/runner/work/devops-assignments/devops-assignments/.git/
CI: Test (ubuntu-latest, py3.12) | Checkout source code | [command]/usr/bin/git remote add origin https://github.com/Astro-Dude/devops-assignments
CI: Test (ubuntu-latest, py3.12) | Checkout source code | ##[endgroup]
CI: Test (ubuntu-latest, py3.12) | Checkout source code | ##[group]Disabling automatic garbage collection
CI: Test (ubuntu-latest, py3.12) | Checkout source code | [command]/usr/bin/git config --local gc.auto 0
CI: Test (ubuntu-latest, py3.12) | Checkout source code | ##[endgroup]
CI: Test (ubuntu-latest, py3.12) | Checkout source code | ##[group]Setting up auth
CI: Test (ubuntu-latest, py3.12) | Checkout source code | Removing SSH command configuration
CI: Test (ubuntu-latest, py3.12) | Checkout source code | [command]/usr/bin/git config --local --name-only --get-regexp core\.sshCommand
CI: Test (ubuntu-latest, py3.12) | Checkout source code | [command]/usr/bin/git submodule foreach --recursive sh -c "git config --local --name-only --get-regexp 'core\.sshCommand' && git config --local --unset-all 'core.sshCommand' || :"
CI: Test (ubuntu-latest, py3.12) | Checkout source code | Removing HTTP extra header
CI: Test (ubuntu-latest, py3.12) | Checkout source code | [command]/usr/bin/git config --local --name-only --get-regexp http\.https\:\/\/github\.com\/\.extraheader
CI: Test (ubuntu-latest, py3.12) | Checkout source code | [command]/usr/bin/git submodule foreach --recursive sh -c "git config --local --name-only --get-regexp 'http\.https\:\/\/github\.com\/\.extraheader' && git config --local --unset-all 'http.https://github.com/.extraheader' || :"
CI: Test (ubuntu-latest, py3.12) | Checkout source code | Removing includeIf entries pointing to credentials config files
CI: Test (ubuntu-latest, py3.12) | Checkout source code | [command]/usr/bin/git config --local --name-only --get-regexp ^includeIf\.gitdir:
CI: Test (ubuntu-latest, py3.12) | Checkout source code | [command]/usr/bin/git submodule foreach --recursive git config --local --show-origin --name-only --get-regexp remote.origin.url
CI: Test (ubuntu-latest, py3.12) | Checkout source code | [command]/usr/bin/git config --file /home/runner/work/_temp/git-credentials-cca9de42-d8a2-4e18-9529-36258f7d0820.config http.https://github.com/.extraheader AUTHORIZATION: basic ***
CI: Test (ubuntu-latest, py3.12) | Checkout source code | [command]/usr/bin/git config --local includeIf.gitdir:/home/runner/work/devops-assignments/devops-assignments/.git.path /home/runner/work/_temp/git-credentials-cca9de42-d8a2-4e18-9529-36258f7d0820.config
CI: Test (ubuntu-latest, py3.12) | Checkout source code | [command]/usr/bin/git config --local includeIf.gitdir:/home/runner/work/devops-assignments/devops-assignments/.git/worktrees/*.path /home/runner/work/_temp/git-credentials-cca9de42-d8a2-4e18-9529-36258f7d0820.config
CI: Test (ubuntu-latest, py3.12) | Checkout source code | [command]/usr/bin/git config --local includeIf.gitdir:/github/workspace/.git.path /github/runner_temp/git-credentials-cca9de42-d8a2-4e18-9529-36258f7d0820.config
CI: Test (ubuntu-latest, py3.12) | Checkout source code | [command]/usr/bin/git config --local includeIf.gitdir:/github/workspace/.git/worktrees/*.path /github/runner_temp/git-credentials-cca9de42-d8a2-4e18-9529-36258f7d0820.config
CI: Test (ubuntu-latest, py3.12) | Checkout source code | ##[endgroup]
CI: Test (ubuntu-latest, py3.12) | Checkout source code | ##[group]Fetching the repository
CI: Test (ubuntu-latest, py3.12) | Checkout source code | [command]/usr/bin/git -c protocol.version=2 fetch --no-tags --prune --no-recurse-submodules --depth=1 origin +aad6094c7b9df37c04216f70746f4700b94e49bd:refs/remotes/origin/main
CI: Test (ubuntu-latest, py3.12) | Checkout source code | From https://github.com/Astro-Dude/devops-assignments
CI: Test (ubuntu-latest, py3.12) | Checkout source code |  * [new ref]         aad6094c7b9df37c04216f70746f4700b94e49bd -> origin/main
CI: Test (ubuntu-latest, py3.12) | Checkout source code | [command]/usr/bin/git branch --list --remote origin/main
CI: Test (ubuntu-latest, py3.12) | Checkout source code |   origin/main
CI: Test (ubuntu-latest, py3.12) | Checkout source code | [command]/usr/bin/git rev-parse refs/remotes/origin/main
CI: Test (ubuntu-latest, py3.12) | Checkout source code | aad6094c7b9df37c04216f70746f4700b94e49bd
CI: Test (ubuntu-latest, py3.12) | Checkout source code | ##[endgroup]
CI: Test (ubuntu-latest, py3.12) | Checkout source code | ##[group]Determining the checkout info
CI: Test (ubuntu-latest, py3.12) | Checkout source code | ##[endgroup]
CI: Test (ubuntu-latest, py3.12) | Checkout source code | [command]/usr/bin/git sparse-checkout disable
CI: Test (ubuntu-latest, py3.12) | Checkout source code | [command]/usr/bin/git config --local --unset-all extensions.worktreeConfig
CI: Test (ubuntu-latest, py3.12) | Checkout source code | ##[group]Checking out the ref
CI: Test (ubuntu-latest, py3.12) | Checkout source code | [command]/usr/bin/git checkout --progress --force -B main refs/remotes/origin/main
CI: Test (ubuntu-latest, py3.12) | Checkout source code | Switched to a new branch 'main'
CI: Test (ubuntu-latest, py3.12) | Checkout source code | branch 'main' set up to track 'origin/main'.
CI: Test (ubuntu-latest, py3.12) | Checkout source code | ##[endgroup]
CI: Test (ubuntu-latest, py3.12) | Checkout source code | [command]/usr/bin/git log -1 --format=%H
CI: Test (ubuntu-latest, py3.12) | Checkout source code | aad6094c7b9df37c04216f70746f4700b94e49bd
CI: Test (ubuntu-latest, py3.12) | Show runner details | ##[group]Run echo "Runner name : $RUNNER_NAME"
CI: Test (ubuntu-latest, py3.12) | Show runner details | echo "Runner name : $RUNNER_NAME"
CI: Test (ubuntu-latest, py3.12) | Show runner details | echo "Runner OS   : $RUNNER_OS ($RUNNER_ARCH)"
CI: Test (ubuntu-latest, py3.12) | Show runner details | echo "Image       : ${ImageOS:-n/a} ${ImageVersion:-}"
CI: Test (ubuntu-latest, py3.12) | Show runner details | echo "Workspace   : $GITHUB_WORKSPACE"
CI: Test (ubuntu-latest, py3.12) | Show runner details | echo "Triggered by: $GITHUB_EVENT_NAME on $GITHUB_REF by $GITHUB_ACTOR (run $GITHUB_RUN_ID, attempt $GITHUB_RUN_ATTEMPT)"
CI: Test (ubuntu-latest, py3.12) | Show runner details | shell: /usr/bin/bash --noprofile --norc -e -o pipefail {0}
CI: Test (ubuntu-latest, py3.12) | Show runner details | env:
CI: Test (ubuntu-latest, py3.12) | Show runner details |   APP_DIR: DevOps/16-github-actions
CI: Test (ubuntu-latest, py3.12) | Show runner details |   IMAGE_NAME: ghcr.io/astro-dude/devops-assignments/s16-calculator
CI: Test (ubuntu-latest, py3.12) | Show runner details | ##[endgroup]
CI: Test (ubuntu-latest, py3.12) | Show runner details | Runner name : GitHub Actions 1000001554
CI: Test (ubuntu-latest, py3.12) | Show runner details | Runner OS   : Linux (X64)
CI: Test (ubuntu-latest, py3.12) | Show runner details | Image       : ubuntu24 20260927.320.1
CI: Test (ubuntu-latest, py3.12) | Show runner details | Workspace   : /home/runner/work/devops-assignments/devops-assignments
CI: Test (ubuntu-latest, py3.12) | Show runner details | Triggered by: push on refs/heads/main by Astro-Dude (run 37627185543, attempt 1)
CI: Test (ubuntu-latest, py3.12) | Setup Python 3.12 | ##[group]Run actions/setup-python@v7
CI: Test (ubuntu-latest, py3.12) | Setup Python 3.12 | with:
CI: Test (ubuntu-latest, py3.12) | Setup Python 3.12 |   python-version: 3.12
CI: Test (ubuntu-latest, py3.12) | Setup Python 3.12 |   cache: pip
CI: Test (ubuntu-latest, py3.12) | Setup Python 3.12 |   cache-dependency-path: DevOps/16-github-actions/requirements*.txt
CI: Test (ubuntu-latest, py3.12) | Setup Python 3.12 |   check-latest: false
CI: Test (ubuntu-latest, py3.12) | Setup Python 3.12 |   token: ***
CI: Test (ubuntu-latest, py3.12) | Setup Python 3.12 |   update-environment: true
CI: Test (ubuntu-latest, py3.12) | Setup Python 3.12 |   allow-prereleases: false
CI: Test (ubuntu-latest, py3.12) | Setup Python 3.12 |   freethreaded: false
CI: Test (ubuntu-latest, py3.12) | Setup Python 3.12 | env:
CI: Test (ubuntu-latest, py3.12) | Setup Python 3.12 |   APP_DIR: DevOps/16-github-actions
CI: Test (ubuntu-latest, py3.12) | Setup Python 3.12 |   IMAGE_NAME: ghcr.io/astro-dude/devops-assignments/s16-calculator
CI: Test (ubuntu-latest, py3.12) | Setup Python 3.12 | ##[endgroup]
CI: Test (ubuntu-latest, py3.12) | Setup Python 3.12 | ##[group]Installed versions
CI: Test (ubuntu-latest, py3.12) | Setup Python 3.12 | Successfully set up CPython (3.12.14)
CI: Test (ubuntu-latest, py3.12) | Setup Python 3.12 | ##[endgroup]
CI: Test (ubuntu-latest, py3.12) | Setup Python 3.12 | [command]/opt/hostedtoolcache/Python/3.12.14/x64/bin/pip cache dir
CI: Test (ubuntu-latest, py3.12) | Setup Python 3.12 | /home/runner/.cache/pip
CI: Test (ubuntu-latest, py3.12) | Setup Python 3.12 | pip cache is not found
CI: Test (ubuntu-latest, py3.12) | Install dependencies | ##[group]Run python --version
CI: Test (ubuntu-latest, py3.12) | Install dependencies | python --version
CI: Test (ubuntu-latest, py3.12) | Install dependencies | python -m pip install --upgrade pip
CI: Test (ubuntu-latest, py3.12) | Install dependencies | pip install -r requirements-dev.txt
CI: Test (ubuntu-latest, py3.12) | Install dependencies | shell: /usr/bin/bash --noprofile --norc -e -o pipefail {0}
CI: Test (ubuntu-latest, py3.12) | Install dependencies | env:
CI: Test (ubuntu-latest, py3.12) | Install dependencies |   APP_DIR: DevOps/16-github-actions
CI: Test (ubuntu-latest, py3.12) | Install dependencies |   IMAGE_NAME: ghcr.io/astro-dude/devops-assignments/s16-calculator
CI: Test (ubuntu-latest, py3.12) | Install dependencies |   pythonLocation: /opt/hostedtoolcache/Python/3.12.14/x64
CI: Test (ubuntu-latest, py3.12) | Install dependencies |   PKG_CONFIG_PATH: /opt/hostedtoolcache/Python/3.12.14/x64/lib/pkgconfig
CI: Test (ubuntu-latest, py3.12) | Install dependencies |   Python_ROOT_DIR: /opt/hostedtoolcache/Python/3.12.14/x64
CI: Test (ubuntu-latest, py3.12) | Install dependencies |   Python2_ROOT_DIR: /opt/hostedtoolcache/Python/3.12.14/x64
CI: Test (ubuntu-latest, py3.12) | Install dependencies |   Python3_ROOT_DIR: /opt/hostedtoolcache/Python/3.12.14/x64
CI: Test (ubuntu-latest, py3.12) | Install dependencies |   LD_LIBRARY_PATH: /opt/hostedtoolcache/Python/3.12.14/x64/lib
CI: Test (ubuntu-latest, py3.12) | Install dependencies | ##[endgroup]
CI: Test (ubuntu-latest, py3.12) | Install dependencies | Python 3.12.14
CI: Test (ubuntu-latest, py3.12) | Install dependencies | Requirement already satisfied: pip in /opt/hostedtoolcache/Python/3.12.14/x64/lib/python3.12/site-packages (26.2.1)
CI: Test (ubuntu-latest, py3.12) | Install dependencies | Collecting flask==3.1.3 (from -r /home/runner/work/devops-assignments/devops-assignments/DevOps/16-github-actions/requirements.txt (line 1))
CI: Test (ubuntu-latest, py3.12) | Install dependencies |   Downloading flask-3.1.3-py3-none-any.whl.metadata (3.2 kB)
CI: Test (ubuntu-latest, py3.12) | Install dependencies | Collecting gunicorn==26.2.0 (from -r /home/runner/work/devops-assignments/devops-assignments/DevOps/16-github-actions/requirements.txt (line 2))
CI: Test (ubuntu-latest, py3.12) | Install dependencies |   Downloading gunicorn-26.2.0-py3-none-any.whl.metadata (5.5 kB)
CI: Test (ubuntu-latest, py3.12) | Install dependencies | Collecting pytest==9.1.1 (from -r requirements-dev.txt (line 2))
CI: Test (ubuntu-latest, py3.12) | Install dependencies |   Downloading pytest-9.1.1-py3-none-any.whl.metadata (7.6 kB)
CI: Test (ubuntu-latest, py3.12) | Install dependencies | Collecting pytest-cov==7.1.0 (from -r requirements-dev.txt (line 3))
CI: Test (ubuntu-latest, py3.12) | Install dependencies |   Downloading pytest_cov-7.1.0-py3-none-any.whl.metadata (32 kB)
CI: Test (ubuntu-latest, py3.12) | Install dependencies | Collecting blinker>=1.9.0 (from flask==3.1.3->-r /home/runner/work/devops-assignments/devops-assignments/DevOps/16-github-actions/requirements.txt (line 1))
CI: Test (ubuntu-latest, py3.12) | Install dependencies |   Downloading blinker-1.9.0-py3-none-any.whl.metadata (1.6 kB)
CI: Test (ubuntu-latest, py3.12) | Install dependencies | Collecting click>=8.1.3 (from flask==3.1.3->-r /home/runner/work/devops-assignments/devops-assignments/DevOps/16-github-actions/requirements.txt (line 1))
CI: Test (ubuntu-latest, py3.12) | Install dependencies |   Downloading click-8.5.0-py3-none-any.whl.metadata (2.6 kB)
CI: Test (ubuntu-latest, py3.12) | Install dependencies | Collecting itsdangerous>=2.2.0 (from flask==3.1.3->-r /home/runner/work/devops-assignments/devops-assignments/DevOps/16-github-actions/requirements.txt (line 1))
CI: Test (ubuntu-latest, py3.12) | Install dependencies |   Downloading itsdangerous-2.2.0-py3-none-any.whl.metadata (1.9 kB)
CI: Test (ubuntu-latest, py3.12) | Install dependencies | Collecting jinja2>=3.1.2 (from flask==3.1.3->-r /home/runner/work/devops-assignments/devops-assignments/DevOps/16-github-actions/requirements.txt (line 1))
CI: Test (ubuntu-latest, py3.12) | Install dependencies |   Downloading jinja2-3.1.6-py3-none-any.whl.metadata (2.9 kB)
CI: Test (ubuntu-latest, py3.12) | Install dependencies | Collecting markupsafe>=2.1.1 (from flask==3.1.3->-r /home/runner/work/devops-assignments/devops-assignments/DevOps/16-github-actions/requirements.txt (line 1))
CI: Test (ubuntu-latest, py3.12) | Install dependencies |   Downloading markupsafe-3.0.4-cp312-cp312-manylinux2014_x86_64.manylinux_2_17_x86_64.manylinux_2_28_x86_64.whl.metadata (2.7 kB)
CI: Test (ubuntu-latest, py3.12) | Install dependencies | Collecting werkzeug>=3.1.0 (from flask==3.1.3->-r /home/runner/work/devops-assignments/devops-assignments/DevOps/16-github-actions/requirements.txt (line 1))
CI: Test (ubuntu-latest, py3.12) | Install dependencies |   Downloading werkzeug-3.1.9-py3-none-any.whl.metadata (4.1 kB)
CI: Test (ubuntu-latest, py3.12) | Install dependencies | Collecting iniconfig>=1.0.1 (from pytest==9.1.1->-r requirements-dev.txt (line 2))
CI: Test (ubuntu-latest, py3.12) | Install dependencies |   Downloading iniconfig-2.3.1-py3-none-any.whl.metadata (2.8 kB)
CI: Test (ubuntu-latest, py3.12) | Install dependencies | Collecting packaging>=22 (from pytest==9.1.1->-r requirements-dev.txt (line 2))
CI: Test (ubuntu-latest, py3.12) | Install dependencies |   Downloading packaging-26.3-py3-none-any.whl.metadata (3.5 kB)
CI: Test (ubuntu-latest, py3.12) | Install dependencies | Collecting pluggy<2,>=1.5 (from pytest==9.1.1->-r requirements-dev.txt (line 2))
CI: Test (ubuntu-latest, py3.12) | Install dependencies |   Downloading pluggy-1.6.0-py3-none-any.whl.metadata (4.8 kB)
CI: Test (ubuntu-latest, py3.12) | Install dependencies | Collecting pygments>=2.7.2 (from pytest==9.1.1->-r requirements-dev.txt (line 2))
CI: Test (ubuntu-latest, py3.12) | Install dependencies |   Downloading pygments-2.21.0-py3-none-any.whl.metadata (2.5 kB)
CI: Test (ubuntu-latest, py3.12) | Install dependencies | Collecting coverage>=7.10.6 (from coverage[toml]>=7.10.6->pytest-cov==7.1.0->-r requirements-dev.txt (line 3))
CI: Test (ubuntu-latest, py3.12) | Install dependencies |   Downloading coverage-7.16.2-cp312-cp312-manylinux1_x86_64.manylinux_2_28_x86_64.manylinux_2_5_x86_64.whl.metadata (8.2 kB)
CI: Test (ubuntu-latest, py3.12) | Install dependencies | Downloading flask-3.1.3-py3-none-any.whl (103 kB)
CI: Test (ubuntu-latest, py3.12) | Install dependencies | Downloading gunicorn-26.2.0-py3-none-any.whl (228 kB)
CI: Test (ubuntu-latest, py3.12) | Install dependencies | Downloading pytest-9.1.1-py3-none-any.whl (386 kB)
CI: Test (ubuntu-latest, py3.12) | Install dependencies | Downloading pytest_cov-7.1.0-py3-none-any.whl (22 kB)
CI: Test (ubuntu-latest, py3.12) | Install dependencies | Downloading pluggy-1.6.0-py3-none-any.whl (20 kB)
CI: Test (ubuntu-latest, py3.12) | Install dependencies | Downloading blinker-1.9.0-py3-none-any.whl (8.5 kB)
CI: Test (ubuntu-latest, py3.12) | Install dependencies | Downloading click-8.5.0-py3-none-any.whl (125 kB)
CI: Test (ubuntu-latest, py3.12) | Install dependencies | Downloading coverage-7.16.2-cp312-cp312-manylinux1_x86_64.manylinux_2_28_x86_64.manylinux_2_5_x86_64.whl (258 kB)
CI: Test (ubuntu-latest, py3.12) | Install dependencies | Downloading iniconfig-2.3.1-py3-none-any.whl (7.6 kB)
CI: Test (ubuntu-latest, py3.12) | Install dependencies | Downloading itsdangerous-2.2.0-py3-none-any.whl (16 kB)
CI: Test (ubuntu-latest, py3.12) | Install dependencies | Downloading jinja2-3.1.6-py3-none-any.whl (134 kB)
CI: Test (ubuntu-latest, py3.12) | Install dependencies | Downloading markupsafe-3.0.4-cp312-cp312-manylinux2014_x86_64.manylinux_2_17_x86_64.manylinux_2_28_x86_64.whl (22 kB)
CI: Test (ubuntu-latest, py3.12) | Install dependencies | Downloading packaging-26.3-py3-none-any.whl (129 kB)
CI: Test (ubuntu-latest, py3.12) | Install dependencies | Downloading pygments-2.21.0-py3-none-any.whl (1.3 MB)
CI: Test (ubuntu-latest, py3.12) | Install dependencies |    ━━━━━━━━━━━━━━━━━━━━━━━━━━━━━━━━━━━━━━━━ 1.3/1.3 MB 89.3 MB/s  0:00:00
CI: Test (ubuntu-latest, py3.12) | Install dependencies | Downloading werkzeug-3.1.9-py3-none-any.whl (228 kB)
CI: Test (ubuntu-latest, py3.12) | Install dependencies | Installing collected packages: pygments, pluggy, packaging, markupsafe, itsdangerous, iniconfig, gunicorn, coverage, click, blinker, werkzeug, pytest, jinja2, pytest-cov, flask
CI: Test (ubuntu-latest, py3.12) | Install dependencies | 
CI: Test (ubuntu-latest, py3.12) | Install dependencies | Successfully installed blinker-1.9.0 click-8.5.0 coverage-7.16.2 flask-3.1.3 gunicorn-26.2.0 iniconfig-2.3.1 itsdangerous-2.2.0 jinja2-3.1.6 markupsafe-3.0.4 packaging-26.3 pluggy-1.6.0 pygments-2.21.0 pytest-9.1.1 pytest-cov-7.1.0 werkzeug-3.1.9
CI: Test (ubuntu-latest, py3.12) | Run unit tests with coverage | ##[group]Run mkdir -p reports
CI: Test (ubuntu-latest, py3.12) | Run unit tests with coverage | mkdir -p reports
CI: Test (ubuntu-latest, py3.12) | Run unit tests with coverage | pytest -v \
CI: Test (ubuntu-latest, py3.12) | Run unit tests with coverage |   --junitxml=reports/junit.xml \
CI: Test (ubuntu-latest, py3.12) | Run unit tests with coverage |   --cov --cov-report=term \
CI: Test (ubuntu-latest, py3.12) | Run unit tests with coverage |   --cov-report=xml:reports/coverage.xml \
CI: Test (ubuntu-latest, py3.12) | Run unit tests with coverage |   --cov-report=html:reports/htmlcov \
CI: Test (ubuntu-latest, py3.12) | Run unit tests with coverage |   --cov-fail-under=90
CI: Test (ubuntu-latest, py3.12) | Run unit tests with coverage | shell: /usr/bin/bash --noprofile --norc -e -o pipefail {0}
CI: Test (ubuntu-latest, py3.12) | Run unit tests with coverage | env:
CI: Test (ubuntu-latest, py3.12) | Run unit tests with coverage |   APP_DIR: DevOps/16-github-actions
CI: Test (ubuntu-latest, py3.12) | Run unit tests with coverage |   IMAGE_NAME: ghcr.io/astro-dude/devops-assignments/s16-calculator
CI: Test (ubuntu-latest, py3.12) | Run unit tests with coverage |   pythonLocation: /opt/hostedtoolcache/Python/3.12.14/x64
CI: Test (ubuntu-latest, py3.12) | Run unit tests with coverage |   PKG_CONFIG_PATH: /opt/hostedtoolcache/Python/3.12.14/x64/lib/pkgconfig
CI: Test (ubuntu-latest, py3.12) | Run unit tests with coverage |   Python_ROOT_DIR: /opt/hostedtoolcache/Python/3.12.14/x64
CI: Test (ubuntu-latest, py3.12) | Run unit tests with coverage |   Python2_ROOT_DIR: /opt/hostedtoolcache/Python/3.12.14/x64
CI: Test (ubuntu-latest, py3.12) | Run unit tests with coverage |   Python3_ROOT_DIR: /opt/hostedtoolcache/Python/3.12.14/x64
CI: Test (ubuntu-latest, py3.12) | Run unit tests with coverage |   LD_LIBRARY_PATH: /opt/hostedtoolcache/Python/3.12.14/x64/lib
CI: Test (ubuntu-latest, py3.12) | Run unit tests with coverage | ##[endgroup]
CI: Test (ubuntu-latest, py3.12) | Run unit tests with coverage | ============================= test session starts ==============================
CI: Test (ubuntu-latest, py3.12) | Run unit tests with coverage | platform linux -- Python 3.12.14, pytest-9.1.1, pluggy-1.6.0 -- /opt/hostedtoolcache/Python/3.12.14/x64/bin/python
CI: Test (ubuntu-latest, py3.12) | Run unit tests with coverage | cachedir: .pytest_cache
CI: Test (ubuntu-latest, py3.12) | Run unit tests with coverage | rootdir: /home/runner/work/devops-assignments/devops-assignments/DevOps/16-github-actions
CI: Test (ubuntu-latest, py3.12) | Run unit tests with coverage | configfile: pytest.ini
CI: Test (ubuntu-latest, py3.12) | Run unit tests with coverage | testpaths: tests
CI: Test (ubuntu-latest, py3.12) | Run unit tests with coverage | plugins: cov-7.1.0
CI: Test (ubuntu-latest, py3.12) | Run unit tests with coverage | collecting ... collected 16 items
CI: Test (ubuntu-latest, py3.12) | Run unit tests with coverage | 
CI: Test (ubuntu-latest, py3.12) | Run unit tests with coverage | tests/test_api.py::test_health PASSED                                    [  6%]
CI: Test (ubuntu-latest, py3.12) | Run unit tests with coverage | tests/test_api.py::test_index_lists_operations PASSED                    [ 12%]
CI: Test (ubuntu-latest, py3.12) | Run unit tests with coverage | tests/test_api.py::test_operations[add-2-3-5] PASSED                     [ 18%]
CI: Test (ubuntu-latest, py3.12) | Run unit tests with coverage | tests/test_api.py::test_operations[subtract-9-4-5] PASSED                [ 25%]
CI: Test (ubuntu-latest, py3.12) | Run unit tests with coverage | tests/test_api.py::test_operations[multiply-6-7-42] PASSED               [ 31%]
CI: Test (ubuntu-latest, py3.12) | Run unit tests with coverage | tests/test_api.py::test_operations[divide-9-2-4.5] PASSED                [ 37%]
CI: Test (ubuntu-latest, py3.12) | Run unit tests with coverage | tests/test_api.py::test_divide_by_zero_returns_400 PASSED                [ 43%]
CI: Test (ubuntu-latest, py3.12) | Run unit tests with coverage | tests/test_api.py::test_unknown_operation_returns_404 PASSED             [ 50%]
CI: Test (ubuntu-latest, py3.12) | Run unit tests with coverage | tests/test_api.py::test_missing_parameter_returns_400 PASSED             [ 56%]
CI: Test (ubuntu-latest, py3.12) | Run unit tests with coverage | tests/test_api.py::test_non_numeric_parameter_returns_400 PASSED         [ 62%]
CI: Test (ubuntu-latest, py3.12) | Run unit tests with coverage | tests/test_calculator.py::test_add PASSED                                [ 68%]
CI: Test (ubuntu-latest, py3.12) | Run unit tests with coverage | tests/test_calculator.py::test_add_negative PASSED                       [ 75%]
CI: Test (ubuntu-latest, py3.12) | Run unit tests with coverage | tests/test_calculator.py::test_subtract PASSED                           [ 81%]
CI: Test (ubuntu-latest, py3.12) | Run unit tests with coverage | tests/test_calculator.py::test_multiply PASSED                           [ 87%]
CI: Test (ubuntu-latest, py3.12) | Run unit tests with coverage | tests/test_calculator.py::test_divide PASSED                             [ 93%]
CI: Test (ubuntu-latest, py3.12) | Run unit tests with coverage | tests/test_calculator.py::test_divide_by_zero PASSED                     [100%]
CI: Test (ubuntu-latest, py3.12) | Run unit tests with coverage | 
CI: Test (ubuntu-latest, py3.12) | Run unit tests with coverage | - generated xml file: /home/runner/work/devops-assignments/devops-assignments/DevOps/16-github-actions/reports/junit.xml -
CI: Test (ubuntu-latest, py3.12) | Run unit tests with coverage | ================================ tests coverage ================================
CI: Test (ubuntu-latest, py3.12) | Run unit tests with coverage | _______________ coverage: platform linux, python 3.12.14-final-0 _______________
CI: Test (ubuntu-latest, py3.12) | Run unit tests with coverage | 
CI: Test (ubuntu-latest, py3.12) | Run unit tests with coverage | Name                Stmts   Miss  Cover
CI: Test (ubuntu-latest, py3.12) | Run unit tests with coverage | ---------------------------------------
CI: Test (ubuntu-latest, py3.12) | Run unit tests with coverage | app/__init__.py         1      0   100%
CI: Test (ubuntu-latest, py3.12) | Run unit tests with coverage | app/calculator.py      11      0   100%
CI: Test (ubuntu-latest, py3.12) | Run unit tests with coverage | app/main.py            32      0   100%
CI: Test (ubuntu-latest, py3.12) | Run unit tests with coverage | ---------------------------------------
CI: Test (ubuntu-latest, py3.12) | Run unit tests with coverage | TOTAL                  44      0   100%
CI: Test (ubuntu-latest, py3.12) | Run unit tests with coverage | Coverage HTML written to dir reports/htmlcov
CI: Test (ubuntu-latest, py3.12) | Run unit tests with coverage | Coverage XML written to file reports/coverage.xml
CI: Test (ubuntu-latest, py3.12) | Run unit tests with coverage | Required test coverage of 90% reached. Total coverage: 100.00%
CI: Test (ubuntu-latest, py3.12) | Run unit tests with coverage | ============================== 16 passed in 0.43s ==============================
CI: Test (ubuntu-latest, py3.12) | Upload test report + coverage artifact | ##[group]Run actions/upload-artifact@v7
CI: Test (ubuntu-latest, py3.12) | Upload test report + coverage artifact | with:
CI: Test (ubuntu-latest, py3.12) | Upload test report + coverage artifact |   name: test-report-ubuntu-latest-py3.12
CI: Test (ubuntu-latest, py3.12) | Upload test report + coverage artifact |   path: DevOps/16-github-actions/reports/
CI: Test (ubuntu-latest, py3.12) | Upload test report + coverage artifact |   retention-days: 14
CI: Test (ubuntu-latest, py3.12) | Upload test report + coverage artifact |   if-no-files-found: warn
CI: Test (ubuntu-latest, py3.12) | Upload test report + coverage artifact |   compression-level: 6
CI: Test (ubuntu-latest, py3.12) | Upload test report + coverage artifact |   overwrite: false
CI: Test (ubuntu-latest, py3.12) | Upload test report + coverage artifact |   include-hidden-files: false
CI: Test (ubuntu-latest, py3.12) | Upload test report + coverage artifact |   archive: true
CI: Test (ubuntu-latest, py3.12) | Upload test report + coverage artifact | env:
CI: Test (ubuntu-latest, py3.12) | Upload test report + coverage artifact |   APP_DIR: DevOps/16-github-actions
CI: Test (ubuntu-latest, py3.12) | Upload test report + coverage artifact |   IMAGE_NAME: ghcr.io/astro-dude/devops-assignments/s16-calculator
CI: Test (ubuntu-latest, py3.12) | Upload test report + coverage artifact |   pythonLocation: /opt/hostedtoolcache/Python/3.12.14/x64
CI: Test (ubuntu-latest, py3.12) | Upload test report + coverage artifact |   PKG_CONFIG_PATH: /opt/hostedtoolcache/Python/3.12.14/x64/lib/pkgconfig
CI: Test (ubuntu-latest, py3.12) | Upload test report + coverage artifact |   Python_ROOT_DIR: /opt/hostedtoolcache/Python/3.12.14/x64
CI: Test (ubuntu-latest, py3.12) | Upload test report + coverage artifact |   Python2_ROOT_DIR: /opt/hostedtoolcache/Python/3.12.14/x64
CI: Test (ubuntu-latest, py3.12) | Upload test report + coverage artifact |   Python3_ROOT_DIR: /opt/hostedtoolcache/Python/3.12.14/x64
CI: Test (ubuntu-latest, py3.12) | Upload test report + coverage artifact |   LD_LIBRARY_PATH: /opt/hostedtoolcache/Python/3.12.14/x64/lib
CI: Test (ubuntu-latest, py3.12) | Upload test report + coverage artifact | ##[endgroup]
CI: Test (ubuntu-latest, py3.12) | Upload test report + coverage artifact | With the provided path, there will be 13 files uploaded
CI: Test (ubuntu-latest, py3.12) | Upload test report + coverage artifact | Artifact name is valid!
CI: Test (ubuntu-latest, py3.12) | Upload test report + coverage artifact | Root directory input is valid!
CI: Test (ubuntu-latest, py3.12) | Upload test report + coverage artifact | Uploading artifact: test-report-ubuntu-latest-py3.12.zip
CI: Test (ubuntu-latest, py3.12) | Upload test report + coverage artifact | Beginning upload of artifact content to blob storage
CI: Test (ubuntu-latest, py3.12) | Upload test report + coverage artifact | Uploaded bytes 30878
CI: Test (ubuntu-latest, py3.12) | Upload test report + coverage artifact | Finished uploading artifact content to blob storage!
CI: Test (ubuntu-latest, py3.12) | Upload test report + coverage artifact | SHA256 digest of uploaded artifact is db3fb5347a6d693362a04a8079fef052378bbb059d62138f13af30b6b7e8a917
CI: Test (ubuntu-latest, py3.12) | Upload test report + coverage artifact | Finalizing artifact upload
CI: Test (ubuntu-latest, py3.12) | Upload test report + coverage artifact | Artifact test-report-ubuntu-latest-py3.12 successfully finalized. Artifact ID 11484323899
CI: Test (ubuntu-latest, py3.12) | Upload test report + coverage artifact | Artifact test-report-ubuntu-latest-py3.12 has been successfully uploaded! Final size is 30878 bytes. Artifact ID is 11484323899
CI: Test (ubuntu-latest, py3.12) | Upload test report + coverage artifact | Artifact download URL: https://github.com/Astro-Dude/devops-assignments/actions/runs/37627185543/artifacts/11484323899
CI: Test (ubuntu-latest, py3.12) | Post Setup Python 3.12 | Post job cleanup.
CI: Test (ubuntu-latest, py3.12) | Post Setup Python 3.12 | [command]/usr/bin/tar --posix -cf cache.tzst --exclude cache.tzst -P -C /home/runner/work/devops-assignments/devops-assignments --files-from manifest.txt --use-compress-program zstdmt
CI: Test (ubuntu-latest, py3.12) | Post Setup Python 3.12 | Sent 4251986 of 4251986 (100.0%), 27.8 MBs/sec
CI: Test (ubuntu-latest, py3.12) | Post Setup Python 3.12 | Cache saved with the key: setup-python-Linux-x64-24.04-Ubuntu-python-3.12.14-pip-b1dc199ea45d2202eec2360384e0940e1b0814b37194d3c64957a0b9a37b9d79
CI: Test (ubuntu-latest, py3.12) | Post Checkout source code | Post job cleanup.
CI: Test (ubuntu-latest, py3.12) | Post Checkout source code | [command]/usr/bin/git version
CI: Test (ubuntu-latest, py3.12) | Post Checkout source code | git version 2.55.0
CI: Test (ubuntu-latest, py3.12) | Post Checkout source code | Temporarily overriding HOME='/home/runner/work/_temp/790ada2a-7ed6-40df-983d-19a1ea1091f8' before making global git config changes
CI: Test (ubuntu-latest, py3.12) | Post Checkout source code | Adding repository directory to the temporary git global config as a safe directory
CI: Test (ubuntu-latest, py3.12) | Post Checkout source code | [command]/usr/bin/git config --global --add safe.directory /home/runner/work/devops-assignments/devops-assignments
CI: Test (ubuntu-latest, py3.12) | Post Checkout source code | Removing SSH command configuration
CI: Test (ubuntu-latest, py3.12) | Post Checkout source code | [command]/usr/bin/git config --local --name-only --get-regexp core\.sshCommand
CI: Test (ubuntu-latest, py3.12) | Post Checkout source code | [command]/usr/bin/git submodule foreach --recursive sh -c "git config --local --name-only --get-regexp 'core\.sshCommand' && git config --local --unset-all 'core.sshCommand' || :"
CI: Test (ubuntu-latest, py3.12) | Post Checkout source code | Removing HTTP extra header
CI: Test (ubuntu-latest, py3.12) | Post Checkout source code | [command]/usr/bin/git config --local --name-only --get-regexp http\.https\:\/\/github\.com\/\.extraheader
CI: Test (ubuntu-latest, py3.12) | Post Checkout source code | [command]/usr/bin/git submodule foreach --recursive sh -c "git config --local --name-only --get-regexp 'http\.https\:\/\/github\.com\/\.extraheader' && git config --local --unset-all 'http.https://github.com/.extraheader' || :"
CI: Test (ubuntu-latest, py3.12) | Post Checkout source code | Removing includeIf entries pointing to credentials config files
CI: Test (ubuntu-latest, py3.12) | Post Checkout source code | [command]/usr/bin/git config --local --name-only --get-regexp ^includeIf\.gitdir:
CI: Test (ubuntu-latest, py3.12) | Post Checkout source code | includeif.gitdir:/home/runner/work/devops-assignments/devops-assignments/.git.path
CI: Test (ubuntu-latest, py3.12) | Post Checkout source code | includeif.gitdir:/home/runner/work/devops-assignments/devops-assignments/.git/worktrees/*.path
CI: Test (ubuntu-latest, py3.12) | Post Checkout source code | includeif.gitdir:/github/workspace/.git.path
CI: Test (ubuntu-latest, py3.12) | Post Checkout source code | includeif.gitdir:/github/workspace/.git/worktrees/*.path
CI: Test (ubuntu-latest, py3.12) | Post Checkout source code | [command]/usr/bin/git config --local --get-all includeif.gitdir:/home/runner/work/devops-assignments/devops-assignments/.git.path
CI: Test (ubuntu-latest, py3.12) | Post Checkout source code | /home/runner/work/_temp/git-credentials-cca9de42-d8a2-4e18-9529-36258f7d0820.config
CI: Test (ubuntu-latest, py3.12) | Post Checkout source code | [command]/usr/bin/git config --local --unset includeif.gitdir:/home/runner/work/devops-assignments/devops-assignments/.git.path \/home\/runner\/work\/_temp\/git\-credentials\-cca9de42\-d8a2\-4e18\-9529\-36258f7d0820\.config
CI: Test (ubuntu-latest, py3.12) | Post Checkout source code | [command]/usr/bin/git config --local --get-all includeif.gitdir:/home/runner/work/devops-assignments/devops-assignments/.git/worktrees/*.path
CI: Test (ubuntu-latest, py3.12) | Post Checkout source code | /home/runner/work/_temp/git-credentials-cca9de42-d8a2-4e18-9529-36258f7d0820.config
CI: Test (ubuntu-latest, py3.12) | Post Checkout source code | [command]/usr/bin/git config --local --unset includeif.gitdir:/home/runner/work/devops-assignments/devops-assignments/.git/worktrees/*.path \/home\/runner\/work\/_temp\/git\-credentials\-cca9de42\-d8a2\-4e18\-9529\-36258f7d0820\.config
CI: Test (ubuntu-latest, py3.12) | Post Checkout source code | [command]/usr/bin/git config --local --get-all includeif.gitdir:/github/workspace/.git.path
CI: Test (ubuntu-latest, py3.12) | Post Checkout source code | /github/runner_temp/git-credentials-cca9de42-d8a2-4e18-9529-36258f7d0820.config
CI: Test (ubuntu-latest, py3.12) | Post Checkout source code | [command]/usr/bin/git config --local --unset includeif.gitdir:/github/workspace/.git.path \/github\/runner_temp\/git\-credentials\-cca9de42\-d8a2\-4e18\-9529\-36258f7d0820\.config
CI: Test (ubuntu-latest, py3.12) | Post Checkout source code | [command]/usr/bin/git config --local --get-all includeif.gitdir:/github/workspace/.git/worktrees/*.path
CI: Test (ubuntu-latest, py3.12) | Post Checkout source code | /github/runner_temp/git-credentials-cca9de42-d8a2-4e18-9529-36258f7d0820.config
CI: Test (ubuntu-latest, py3.12) | Post Checkout source code | [command]/usr/bin/git config --local --unset includeif.gitdir:/github/workspace/.git/worktrees/*.path \/github\/runner_temp\/git\-credentials\-cca9de42\-d8a2\-4e18\-9529\-36258f7d0820\.config
CI: Test (ubuntu-latest, py3.12) | Post Checkout source code | [command]/usr/bin/git submodule foreach --recursive git config --local --show-origin --name-only --get-regexp remote.origin.url
CI: Test (ubuntu-latest, py3.12) | Post Checkout source code | Removing credentials config '/home/runner/work/_temp/git-credentials-cca9de42-d8a2-4e18-9529-36258f7d0820.config'
CI: Test (ubuntu-latest, py3.12) | Complete job | Cleaning up orphan processes
CI: Test (windows-latest, py3.13) | Set up job | Current runner version: '2.337.0'
CI: Test (windows-latest, py3.13) | Set up job | ##[group]Runner Image Provisioner
CI: Test (windows-latest, py3.13) | Set up job | Hosted Compute Agent
CI: Test (windows-latest, py3.13) | Set up job | Version: 20260901.588
CI: Test (windows-latest, py3.13) | Set up job | Commit: f88ec8081b781fac6c440065ac7ff9e710ce3d0b
CI: Test (windows-latest, py3.13) | Set up job | Build Date: 2026-09-01T19:56:44Z
CI: Test (windows-latest, py3.13) | Set up job | Worker ID: {b9a8b0a1-e3db-4092-9dae-4cf41b449ba3}
CI: Test (windows-latest, py3.13) | Set up job | Azure Region: centralus
CI: Test (windows-latest, py3.13) | Set up job | ##[endgroup]
CI: Test (windows-latest, py3.13) | Set up job | ##[group]Operating System
CI: Test (windows-latest, py3.13) | Set up job | Microsoft Windows Server 2025
CI: Test (windows-latest, py3.13) | Set up job | 10.0.26100
CI: Test (windows-latest, py3.13) | Set up job | Datacenter
CI: Test (windows-latest, py3.13) | Set up job | ##[endgroup]
CI: Test (windows-latest, py3.13) | Set up job | ##[group]Runner Image
CI: Test (windows-latest, py3.13) | Set up job | Image: windows-2025-vs2026
CI: Test (windows-latest, py3.13) | Set up job | Version: 20260925.250.1
CI: Test (windows-latest, py3.13) | Set up job | Included Software: https://github.com/actions/runner-images/blob/win25-vs2026/20260925.250/images/windows/Windows2025-VS2026-Readme.md
CI: Test (windows-latest, py3.13) | Set up job | Image Release: https://github.com/actions/runner-images/releases/tag/win25-vs2026%2F20260925.250
CI: Test (windows-latest, py3.13) | Set up job | ##[endgroup]
CI: Test (windows-latest, py3.13) | Set up job | ##[group]GITHUB_TOKEN Permissions
CI: Test (windows-latest, py3.13) | Set up job | Contents: read
CI: Test (windows-latest, py3.13) | Set up job | Metadata: read
CI: Test (windows-latest, py3.13) | Set up job | ##[endgroup]
CI: Test (windows-latest, py3.13) | Set up job | Secret source: Actions
CI: Test (windows-latest, py3.13) | Set up job | Cache mode: write
CI: Test (windows-latest, py3.13) | Set up job | Prepare workflow directory
CI: Test (windows-latest, py3.13) | Set up job | Prepare all required actions
CI: Test (windows-latest, py3.13) | Set up job | Getting action download info
CI: Test (windows-latest, py3.13) | Set up job | Download action repository 'actions/checkout@v7' (SHA:3d3c42e5aac5ba805825da76410c181273ba90b1)
CI: Test (windows-latest, py3.13) | Set up job | Download action repository 'actions/setup-python@v7' (SHA:5fda3b95a4ea91299a34e894583c3862153e4b97)
CI: Test (windows-latest, py3.13) | Set up job | Download action repository 'actions/upload-artifact@v7' (SHA:cf430e030ddbb5b0abf93d22962f4752f3646cd9)
CI: Test (windows-latest, py3.13) | Set up job | Complete job name: CI: Test (windows-latest, py3.13)
CI: Test (windows-latest, py3.13) | Checkout source code | ##[group]Run actions/checkout@v7
CI: Test (windows-latest, py3.13) | Checkout source code | with:
CI: Test (windows-latest, py3.13) | Checkout source code |   repository: Astro-Dude/devops-assignments
CI: Test (windows-latest, py3.13) | Checkout source code |   token: ***
CI: Test (windows-latest, py3.13) | Checkout source code |   ssh-strict: true
CI: Test (windows-latest, py3.13) | Checkout source code |   ssh-user: git
CI: Test (windows-latest, py3.13) | Checkout source code |   persist-credentials: true
CI: Test (windows-latest, py3.13) | Checkout source code |   clean: true
CI: Test (windows-latest, py3.13) | Checkout source code |   sparse-checkout-cone-mode: true
CI: Test (windows-latest, py3.13) | Checkout source code |   fetch-depth: 1
CI: Test (windows-latest, py3.13) | Checkout source code |   fetch-tags: false
CI: Test (windows-latest, py3.13) | Checkout source code |   show-progress: true
CI: Test (windows-latest, py3.13) | Checkout source code |   lfs: false
CI: Test (windows-latest, py3.13) | Checkout source code |   submodules: false
CI: Test (windows-latest, py3.13) | Checkout source code |   set-safe-directory: true
CI: Test (windows-latest, py3.13) | Checkout source code |   allow-unsafe-pr-checkout: false
CI: Test (windows-latest, py3.13) | Checkout source code | env:
CI: Test (windows-latest, py3.13) | Checkout source code |   APP_DIR: DevOps/16-github-actions
CI: Test (windows-latest, py3.13) | Checkout source code |   IMAGE_NAME: ghcr.io/astro-dude/devops-assignments/s16-calculator
CI: Test (windows-latest, py3.13) | Checkout source code | ##[endgroup]
CI: Test (windows-latest, py3.13) | Checkout source code | Syncing repository: Astro-Dude/devops-assignments
CI: Test (windows-latest, py3.13) | Checkout source code | ##[group]Getting Git version info
CI: Test (windows-latest, py3.13) | Checkout source code | Working directory is 'D:\a\devops-assignments\devops-assignments'
CI: Test (windows-latest, py3.13) | Checkout source code | [command]"C:\Program Files\Git\bin\git.exe" version
CI: Test (windows-latest, py3.13) | Checkout source code | git version 2.55.0.windows.5
CI: Test (windows-latest, py3.13) | Checkout source code | ##[endgroup]
CI: Test (windows-latest, py3.13) | Checkout source code | Temporarily overriding HOME='D:\a\_temp\74dc34c7-f16a-4759-b138-edd263bc76d6' before making global git config changes
CI: Test (windows-latest, py3.13) | Checkout source code | Adding repository directory to the temporary git global config as a safe directory
CI: Test (windows-latest, py3.13) | Checkout source code | [command]"C:\Program Files\Git\bin\git.exe" config --global --add safe.directory D:\a\devops-assignments\devops-assignments
CI: Test (windows-latest, py3.13) | Checkout source code | Deleting the contents of 'D:\a\devops-assignments\devops-assignments'
CI: Test (windows-latest, py3.13) | Checkout source code | ##[group]Determining repository object format
CI: Test (windows-latest, py3.13) | Checkout source code | ##[endgroup]
CI: Test (windows-latest, py3.13) | Checkout source code | ##[group]Initializing the repository
CI: Test (windows-latest, py3.13) | Checkout source code | [command]"C:\Program Files\Git\bin\git.exe" init D:\a\devops-assignments\devops-assignments
CI: Test (windows-latest, py3.13) | Checkout source code | Initialized empty Git repository in D:/a/devops-assignments/devops-assignments/.git/
CI: Test (windows-latest, py3.13) | Checkout source code | [command]"C:\Program Files\Git\bin\git.exe" remote add origin https://github.com/Astro-Dude/devops-assignments
CI: Test (windows-latest, py3.13) | Checkout source code | ##[endgroup]
CI: Test (windows-latest, py3.13) | Checkout source code | ##[group]Disabling automatic garbage collection
CI: Test (windows-latest, py3.13) | Checkout source code | [command]"C:\Program Files\Git\bin\git.exe" config --local gc.auto 0
CI: Test (windows-latest, py3.13) | Checkout source code | ##[endgroup]
CI: Test (windows-latest, py3.13) | Checkout source code | ##[group]Setting up auth
CI: Test (windows-latest, py3.13) | Checkout source code | Removing SSH command configuration
CI: Test (windows-latest, py3.13) | Checkout source code | [command]"C:\Program Files\Git\bin\git.exe" config --local --name-only --get-regexp core\.sshCommand
CI: Test (windows-latest, py3.13) | Checkout source code | [command]"C:\Program Files\Git\bin\git.exe" submodule foreach --recursive "sh -c \"git config --local --name-only --get-regexp 'core\.sshCommand' && git config --local --unset-all 'core.sshCommand' || :\""
CI: Test (windows-latest, py3.13) | Checkout source code | Removing HTTP extra header
CI: Test (windows-latest, py3.13) | Checkout source code | [command]"C:\Program Files\Git\bin\git.exe" config --local --name-only --get-regexp http\.https\:\/\/github\.com\/\.extraheader
CI: Test (windows-latest, py3.13) | Checkout source code | [command]"C:\Program Files\Git\bin\git.exe" submodule foreach --recursive "sh -c \"git config --local --name-only --get-regexp 'http\.https\:\/\/github\.com\/\.extraheader' && git config --local --unset-all 'http.https://github.com/.extraheader' || :\""
CI: Test (windows-latest, py3.13) | Checkout source code | Removing includeIf entries pointing to credentials config files
CI: Test (windows-latest, py3.13) | Checkout source code | [command]"C:\Program Files\Git\bin\git.exe" config --local --name-only --get-regexp ^includeIf\.gitdir:
CI: Test (windows-latest, py3.13) | Checkout source code | [command]"C:\Program Files\Git\bin\git.exe" submodule foreach --recursive "git config --local --show-origin --name-only --get-regexp remote.origin.url"
CI: Test (windows-latest, py3.13) | Checkout source code | [command]"C:\Program Files\Git\bin\git.exe" config --file D:\a\_temp\git-credentials-bd1a5367-d63a-4c2e-92aa-12783e1c51b1.config http.https://github.com/.extraheader "AUTHORIZATION: basic ***"
CI: Test (windows-latest, py3.13) | Checkout source code | [command]"C:\Program Files\Git\bin\git.exe" config --local includeIf.gitdir:D:/a/devops-assignments/devops-assignments/.git.path D:\a\_temp\git-credentials-bd1a5367-d63a-4c2e-92aa-12783e1c51b1.config
CI: Test (windows-latest, py3.13) | Checkout source code | [command]"C:\Program Files\Git\bin\git.exe" config --local includeIf.gitdir:D:/a/devops-assignments/devops-assignments/.git/worktrees/*.path D:\a\_temp\git-credentials-bd1a5367-d63a-4c2e-92aa-12783e1c51b1.config
CI: Test (windows-latest, py3.13) | Checkout source code | [command]"C:\Program Files\Git\bin\git.exe" config --local includeIf.gitdir:/github/workspace/.git.path /github/runner_temp/git-credentials-bd1a5367-d63a-4c2e-92aa-12783e1c51b1.config
CI: Test (windows-latest, py3.13) | Checkout source code | [command]"C:\Program Files\Git\bin\git.exe" config --local includeIf.gitdir:/github/workspace/.git/worktrees/*.path /github/runner_temp/git-credentials-bd1a5367-d63a-4c2e-92aa-12783e1c51b1.config
CI: Test (windows-latest, py3.13) | Checkout source code | ##[endgroup]
CI: Test (windows-latest, py3.13) | Checkout source code | ##[group]Fetching the repository
CI: Test (windows-latest, py3.13) | Checkout source code | [command]"C:\Program Files\Git\bin\git.exe" -c protocol.version=2 fetch --no-tags --prune --no-recurse-submodules --depth=1 origin +aad6094c7b9df37c04216f70746f4700b94e49bd:refs/remotes/origin/main
CI: Test (windows-latest, py3.13) | Checkout source code | From https://github.com/Astro-Dude/devops-assignments
CI: Test (windows-latest, py3.13) | Checkout source code |  * [new ref]         aad6094c7b9df37c04216f70746f4700b94e49bd -> origin/main
CI: Test (windows-latest, py3.13) | Checkout source code | [command]"C:\Program Files\Git\bin\git.exe" branch --list --remote origin/main
CI: Test (windows-latest, py3.13) | Checkout source code |   origin/main
CI: Test (windows-latest, py3.13) | Checkout source code | [command]"C:\Program Files\Git\bin\git.exe" rev-parse refs/remotes/origin/main
CI: Test (windows-latest, py3.13) | Checkout source code | aad6094c7b9df37c04216f70746f4700b94e49bd
CI: Test (windows-latest, py3.13) | Checkout source code | ##[endgroup]
CI: Test (windows-latest, py3.13) | Checkout source code | ##[group]Determining the checkout info
CI: Test (windows-latest, py3.13) | Checkout source code | ##[endgroup]
CI: Test (windows-latest, py3.13) | Checkout source code | [command]"C:\Program Files\Git\bin\git.exe" sparse-checkout disable
CI: Test (windows-latest, py3.13) | Checkout source code | [command]"C:\Program Files\Git\bin\git.exe" config --local --unset-all extensions.worktreeConfig
CI: Test (windows-latest, py3.13) | Checkout source code | ##[group]Checking out the ref
CI: Test (windows-latest, py3.13) | Checkout source code | [command]"C:\Program Files\Git\bin\git.exe" checkout --progress --force -B main refs/remotes/origin/main
CI: Test (windows-latest, py3.13) | Checkout source code | Switched to a new branch 'main'
CI: Test (windows-latest, py3.13) | Checkout source code | branch 'main' set up to track 'origin/main'.
CI: Test (windows-latest, py3.13) | Checkout source code | ##[endgroup]
CI: Test (windows-latest, py3.13) | Checkout source code | [command]"C:\Program Files\Git\bin\git.exe" log -1 --format=%H
CI: Test (windows-latest, py3.13) | Checkout source code | aad6094c7b9df37c04216f70746f4700b94e49bd
CI: Test (windows-latest, py3.13) | Show runner details | ##[group]Run echo "Runner name : $RUNNER_NAME"
CI: Test (windows-latest, py3.13) | Show runner details | echo "Runner name : $RUNNER_NAME"
CI: Test (windows-latest, py3.13) | Show runner details | echo "Runner OS   : $RUNNER_OS ($RUNNER_ARCH)"
CI: Test (windows-latest, py3.13) | Show runner details | echo "Image       : ${ImageOS:-n/a} ${ImageVersion:-}"
CI: Test (windows-latest, py3.13) | Show runner details | echo "Workspace   : $GITHUB_WORKSPACE"
CI: Test (windows-latest, py3.13) | Show runner details | echo "Triggered by: $GITHUB_EVENT_NAME on $GITHUB_REF by $GITHUB_ACTOR (run $GITHUB_RUN_ID, attempt $GITHUB_RUN_ATTEMPT)"
CI: Test (windows-latest, py3.13) | Show runner details | shell: C:\Program Files\Git\bin\bash.EXE --noprofile --norc -e -o pipefail {0}
CI: Test (windows-latest, py3.13) | Show runner details | env:
CI: Test (windows-latest, py3.13) | Show runner details |   APP_DIR: DevOps/16-github-actions
CI: Test (windows-latest, py3.13) | Show runner details |   IMAGE_NAME: ghcr.io/astro-dude/devops-assignments/s16-calculator
CI: Test (windows-latest, py3.13) | Show runner details | ##[endgroup]
CI: Test (windows-latest, py3.13) | Show runner details | Runner name : GitHub Actions 1000001555
CI: Test (windows-latest, py3.13) | Show runner details | Runner OS   : Windows (X64)
CI: Test (windows-latest, py3.13) | Show runner details | Image       : win25-vs2026 20260925.250.1
CI: Test (windows-latest, py3.13) | Show runner details | Workspace   : D:\a\devops-assignments\devops-assignments
CI: Test (windows-latest, py3.13) | Show runner details | Triggered by: push on refs/heads/main by Astro-Dude (run 37627185543, attempt 1)
CI: Test (windows-latest, py3.13) | Setup Python 3.13 | ##[group]Run actions/setup-python@v7
CI: Test (windows-latest, py3.13) | Setup Python 3.13 | with:
CI: Test (windows-latest, py3.13) | Setup Python 3.13 |   python-version: 3.13
CI: Test (windows-latest, py3.13) | Setup Python 3.13 |   cache: pip
CI: Test (windows-latest, py3.13) | Setup Python 3.13 |   cache-dependency-path: DevOps/16-github-actions/requirements*.txt
CI: Test (windows-latest, py3.13) | Setup Python 3.13 |   check-latest: false
CI: Test (windows-latest, py3.13) | Setup Python 3.13 |   token: ***
CI: Test (windows-latest, py3.13) | Setup Python 3.13 |   update-environment: true
CI: Test (windows-latest, py3.13) | Setup Python 3.13 |   allow-prereleases: false
CI: Test (windows-latest, py3.13) | Setup Python 3.13 |   freethreaded: false
CI: Test (windows-latest, py3.13) | Setup Python 3.13 | env:
CI: Test (windows-latest, py3.13) | Setup Python 3.13 |   APP_DIR: DevOps/16-github-actions
CI: Test (windows-latest, py3.13) | Setup Python 3.13 |   IMAGE_NAME: ghcr.io/astro-dude/devops-assignments/s16-calculator
CI: Test (windows-latest, py3.13) | Setup Python 3.13 | ##[endgroup]
CI: Test (windows-latest, py3.13) | Setup Python 3.13 | ##[group]Installed versions
CI: Test (windows-latest, py3.13) | Setup Python 3.13 | Successfully set up CPython (3.13.15)
CI: Test (windows-latest, py3.13) | Setup Python 3.13 | ##[endgroup]
CI: Test (windows-latest, py3.13) | Setup Python 3.13 | Cache hit for: setup-python-Windows-x64-python-3.13.15-pip-932c68f097d43bc9ce24f914bdfe1d29305c4101ae0b5df8031ebcd5e274923e
CI: Test (windows-latest, py3.13) | Setup Python 3.13 | Received 4255253 of 4255253 (100.0%), 8.0 MBs/sec
CI: Test (windows-latest, py3.13) | Setup Python 3.13 | Cache Size: ~4 MB (4255253 B)
CI: Test (windows-latest, py3.13) | Setup Python 3.13 | [command]"C:\Program Files\Git\usr\bin\tar.exe" -xf D:/a/_temp/058ae51e-cfee-492e-8187-d8db36b34a3b/cache.tzst -P -C D:/a/devops-assignments/devops-assignments --force-local --use-compress-program "zstd -d"
CI: Test (windows-latest, py3.13) | Setup Python 3.13 | Cache restored successfully
CI: Test (windows-latest, py3.13) | Setup Python 3.13 | Cache restored from key: setup-python-Windows-x64-python-3.13.15-pip-932c68f097d43bc9ce24f914bdfe1d29305c4101ae0b5df8031ebcd5e274923e
CI: Test (windows-latest, py3.13) | Install dependencies | ##[group]Run python --version
CI: Test (windows-latest, py3.13) | Install dependencies | python --version
CI: Test (windows-latest, py3.13) | Install dependencies | python -m pip install --upgrade pip
CI: Test (windows-latest, py3.13) | Install dependencies | pip install -r requirements-dev.txt
CI: Test (windows-latest, py3.13) | Install dependencies | shell: C:\Program Files\Git\bin\bash.EXE --noprofile --norc -e -o pipefail {0}
CI: Test (windows-latest, py3.13) | Install dependencies | env:
CI: Test (windows-latest, py3.13) | Install dependencies |   APP_DIR: DevOps/16-github-actions
CI: Test (windows-latest, py3.13) | Install dependencies |   IMAGE_NAME: ghcr.io/astro-dude/devops-assignments/s16-calculator
CI: Test (windows-latest, py3.13) | Install dependencies |   pythonLocation: C:\hostedtoolcache\windows\Python\3.13.15\x64
CI: Test (windows-latest, py3.13) | Install dependencies |   PKG_CONFIG_PATH: C:\hostedtoolcache\windows\Python\3.13.15\x64/lib/pkgconfig
CI: Test (windows-latest, py3.13) | Install dependencies |   Python_ROOT_DIR: C:\hostedtoolcache\windows\Python\3.13.15\x64
CI: Test (windows-latest, py3.13) | Install dependencies |   Python2_ROOT_DIR: C:\hostedtoolcache\windows\Python\3.13.15\x64
CI: Test (windows-latest, py3.13) | Install dependencies |   Python3_ROOT_DIR: C:\hostedtoolcache\windows\Python\3.13.15\x64
CI: Test (windows-latest, py3.13) | Install dependencies | ##[endgroup]
CI: Test (windows-latest, py3.13) | Install dependencies | Python 3.13.15
CI: Test (windows-latest, py3.13) | Install dependencies | Requirement already satisfied: pip in C:\hostedtoolcache\windows\Python\3.13.15\x64\Lib\site-packages (26.2.1)
CI: Test (windows-latest, py3.13) | Install dependencies | Collecting flask==3.1.3 (from -r D:\a\devops-assignments\devops-assignments\DevOps\16-github-actions\requirements.txt (line 1))
CI: Test (windows-latest, py3.13) | Install dependencies |   Using cached flask-3.1.3-py3-none-any.whl.metadata (3.2 kB)
CI: Test (windows-latest, py3.13) | Install dependencies | Collecting gunicorn==26.2.0 (from -r D:\a\devops-assignments\devops-assignments\DevOps\16-github-actions\requirements.txt (line 2))
CI: Test (windows-latest, py3.13) | Install dependencies |   Using cached gunicorn-26.2.0-py3-none-any.whl.metadata (5.5 kB)
CI: Test (windows-latest, py3.13) | Install dependencies | Collecting pytest==9.1.1 (from -r requirements-dev.txt (line 2))
CI: Test (windows-latest, py3.13) | Install dependencies |   Using cached pytest-9.1.1-py3-none-any.whl.metadata (7.6 kB)
CI: Test (windows-latest, py3.13) | Install dependencies | Collecting pytest-cov==7.1.0 (from -r requirements-dev.txt (line 3))
CI: Test (windows-latest, py3.13) | Install dependencies |   Using cached pytest_cov-7.1.0-py3-none-any.whl.metadata (32 kB)
CI: Test (windows-latest, py3.13) | Install dependencies | Collecting blinker>=1.9.0 (from flask==3.1.3->-r D:\a\devops-assignments\devops-assignments\DevOps\16-github-actions\requirements.txt (line 1))
CI: Test (windows-latest, py3.13) | Install dependencies |   Using cached blinker-1.9.0-py3-none-any.whl.metadata (1.6 kB)
CI: Test (windows-latest, py3.13) | Install dependencies | Collecting click>=8.1.3 (from flask==3.1.3->-r D:\a\devops-assignments\devops-assignments\DevOps\16-github-actions\requirements.txt (line 1))
CI: Test (windows-latest, py3.13) | Install dependencies |   Using cached click-8.5.0-py3-none-any.whl.metadata (2.6 kB)
CI: Test (windows-latest, py3.13) | Install dependencies | Collecting itsdangerous>=2.2.0 (from flask==3.1.3->-r D:\a\devops-assignments\devops-assignments\DevOps\16-github-actions\requirements.txt (line 1))
CI: Test (windows-latest, py3.13) | Install dependencies |   Using cached itsdangerous-2.2.0-py3-none-any.whl.metadata (1.9 kB)
CI: Test (windows-latest, py3.13) | Install dependencies | Collecting jinja2>=3.1.2 (from flask==3.1.3->-r D:\a\devops-assignments\devops-assignments\DevOps\16-github-actions\requirements.txt (line 1))
CI: Test (windows-latest, py3.13) | Install dependencies |   Using cached jinja2-3.1.6-py3-none-any.whl.metadata (2.9 kB)
CI: Test (windows-latest, py3.13) | Install dependencies | Collecting markupsafe>=2.1.1 (from flask==3.1.3->-r D:\a\devops-assignments\devops-assignments\DevOps\16-github-actions\requirements.txt (line 1))
CI: Test (windows-latest, py3.13) | Install dependencies |   Using cached markupsafe-3.0.4-cp313-cp313-win_amd64.whl.metadata (2.8 kB)
CI: Test (windows-latest, py3.13) | Install dependencies | Collecting werkzeug>=3.1.0 (from flask==3.1.3->-r D:\a\devops-assignments\devops-assignments\DevOps\16-github-actions\requirements.txt (line 1))
CI: Test (windows-latest, py3.13) | Install dependencies |   Using cached werkzeug-3.1.9-py3-none-any.whl.metadata (4.1 kB)
CI: Test (windows-latest, py3.13) | Install dependencies | Collecting colorama>=0.4 (from pytest==9.1.1->-r requirements-dev.txt (line 2))
CI: Test (windows-latest, py3.13) | Install dependencies |   Using cached colorama-0.4.6-py2.py3-none-any.whl.metadata (17 kB)
CI: Test (windows-latest, py3.13) | Install dependencies | Collecting iniconfig>=1.0.1 (from pytest==9.1.1->-r requirements-dev.txt (line 2))
CI: Test (windows-latest, py3.13) | Install dependencies |   Using cached iniconfig-2.3.1-py3-none-any.whl.metadata (2.8 kB)
CI: Test (windows-latest, py3.13) | Install dependencies | Collecting packaging>=22 (from pytest==9.1.1->-r requirements-dev.txt (line 2))
CI: Test (windows-latest, py3.13) | Install dependencies |   Using cached packaging-26.3-py3-none-any.whl.metadata (3.5 kB)
CI: Test (windows-latest, py3.13) | Install dependencies | Collecting pluggy<2,>=1.5 (from pytest==9.1.1->-r requirements-dev.txt (line 2))
CI: Test (windows-latest, py3.13) | Install dependencies |   Using cached pluggy-1.6.0-py3-none-any.whl.metadata (4.8 kB)
CI: Test (windows-latest, py3.13) | Install dependencies | Collecting pygments>=2.7.2 (from pytest==9.1.1->-r requirements-dev.txt (line 2))
CI: Test (windows-latest, py3.13) | Install dependencies |   Using cached pygments-2.21.0-py3-none-any.whl.metadata (2.5 kB)
CI: Test (windows-latest, py3.13) | Install dependencies | Collecting coverage>=7.10.6 (from coverage[toml]>=7.10.6->pytest-cov==7.1.0->-r requirements-dev.txt (line 3))
CI: Test (windows-latest, py3.13) | Install dependencies |   Using cached coverage-7.16.2-cp313-cp313-win_amd64.whl.metadata (8.4 kB)
CI: Test (windows-latest, py3.13) | Install dependencies | Using cached flask-3.1.3-py3-none-any.whl (103 kB)
CI: Test (windows-latest, py3.13) | Install dependencies | Using cached gunicorn-26.2.0-py3-none-any.whl (228 kB)
CI: Test (windows-latest, py3.13) | Install dependencies | Using cached pytest-9.1.1-py3-none-any.whl (386 kB)
CI: Test (windows-latest, py3.13) | Install dependencies | Using cached pytest_cov-7.1.0-py3-none-any.whl (22 kB)
CI: Test (windows-latest, py3.13) | Install dependencies | Using cached pluggy-1.6.0-py3-none-any.whl (20 kB)
CI: Test (windows-latest, py3.13) | Install dependencies | Using cached blinker-1.9.0-py3-none-any.whl (8.5 kB)
CI: Test (windows-latest, py3.13) | Install dependencies | Using cached click-8.5.0-py3-none-any.whl (125 kB)
CI: Test (windows-latest, py3.13) | Install dependencies | Using cached colorama-0.4.6-py2.py3-none-any.whl (25 kB)
CI: Test (windows-latest, py3.13) | Install dependencies | Using cached coverage-7.16.2-cp313-cp313-win_amd64.whl (226 kB)
CI: Test (windows-latest, py3.13) | Install dependencies | Using cached iniconfig-2.3.1-py3-none-any.whl (7.6 kB)
CI: Test (windows-latest, py3.13) | Install dependencies | Using cached itsdangerous-2.2.0-py3-none-any.whl (16 kB)
CI: Test (windows-latest, py3.13) | Install dependencies | Using cached jinja2-3.1.6-py3-none-any.whl (134 kB)
CI: Test (windows-latest, py3.13) | Install dependencies | Using cached markupsafe-3.0.4-cp313-cp313-win_amd64.whl (14 kB)
CI: Test (windows-latest, py3.13) | Install dependencies | Using cached packaging-26.3-py3-none-any.whl (129 kB)
CI: Test (windows-latest, py3.13) | Install dependencies | Using cached pygments-2.21.0-py3-none-any.whl (1.3 MB)
CI: Test (windows-latest, py3.13) | Install dependencies | Using cached werkzeug-3.1.9-py3-none-any.whl (228 kB)
CI: Test (windows-latest, py3.13) | Install dependencies | Installing collected packages: pygments, pluggy, packaging, markupsafe, itsdangerous, iniconfig, gunicorn, coverage, colorama, click, blinker, werkzeug, pytest, jinja2, pytest-cov, flask
CI: Test (windows-latest, py3.13) | Install dependencies | 
CI: Test (windows-latest, py3.13) | Install dependencies | Successfully installed blinker-1.9.0 click-8.5.0 colorama-0.4.6 coverage-7.16.2 flask-3.1.3 gunicorn-26.2.0 iniconfig-2.3.1 itsdangerous-2.2.0 jinja2-3.1.6 markupsafe-3.0.4 packaging-26.3 pluggy-1.6.0 pygments-2.21.0 pytest-9.1.1 pytest-cov-7.1.0 werkzeug-3.1.9
CI: Test (windows-latest, py3.13) | Run unit tests with coverage | ##[group]Run mkdir -p reports
CI: Test (windows-latest, py3.13) | Run unit tests with coverage | mkdir -p reports
CI: Test (windows-latest, py3.13) | Run unit tests with coverage | pytest -v \
CI: Test (windows-latest, py3.13) | Run unit tests with coverage |   --junitxml=reports/junit.xml \
CI: Test (windows-latest, py3.13) | Run unit tests with coverage |   --cov --cov-report=term \
CI: Test (windows-latest, py3.13) | Run unit tests with coverage |   --cov-report=xml:reports/coverage.xml \
CI: Test (windows-latest, py3.13) | Run unit tests with coverage |   --cov-report=html:reports/htmlcov \
CI: Test (windows-latest, py3.13) | Run unit tests with coverage |   --cov-fail-under=90
CI: Test (windows-latest, py3.13) | Run unit tests with coverage | shell: C:\Program Files\Git\bin\bash.EXE --noprofile --norc -e -o pipefail {0}
CI: Test (windows-latest, py3.13) | Run unit tests with coverage | env:
CI: Test (windows-latest, py3.13) | Run unit tests with coverage |   APP_DIR: DevOps/16-github-actions
CI: Test (windows-latest, py3.13) | Run unit tests with coverage |   IMAGE_NAME: ghcr.io/astro-dude/devops-assignments/s16-calculator
CI: Test (windows-latest, py3.13) | Run unit tests with coverage |   pythonLocation: C:\hostedtoolcache\windows\Python\3.13.15\x64
CI: Test (windows-latest, py3.13) | Run unit tests with coverage |   PKG_CONFIG_PATH: C:\hostedtoolcache\windows\Python\3.13.15\x64/lib/pkgconfig
CI: Test (windows-latest, py3.13) | Run unit tests with coverage |   Python_ROOT_DIR: C:\hostedtoolcache\windows\Python\3.13.15\x64
CI: Test (windows-latest, py3.13) | Run unit tests with coverage |   Python2_ROOT_DIR: C:\hostedtoolcache\windows\Python\3.13.15\x64
CI: Test (windows-latest, py3.13) | Run unit tests with coverage |   Python3_ROOT_DIR: C:\hostedtoolcache\windows\Python\3.13.15\x64
CI: Test (windows-latest, py3.13) | Run unit tests with coverage | ##[endgroup]
CI: Test (windows-latest, py3.13) | Run unit tests with coverage | ============================= test session starts =============================
CI: Test (windows-latest, py3.13) | Run unit tests with coverage | platform win32 -- Python 3.13.15, pytest-9.1.1, pluggy-1.6.0 -- C:\hostedtoolcache\windows\Python\3.13.15\x64\python.exe
CI: Test (windows-latest, py3.13) | Run unit tests with coverage | cachedir: .pytest_cache
CI: Test (windows-latest, py3.13) | Run unit tests with coverage | rootdir: D:\a\devops-assignments\devops-assignments\DevOps\16-github-actions
CI: Test (windows-latest, py3.13) | Run unit tests with coverage | configfile: pytest.ini
CI: Test (windows-latest, py3.13) | Run unit tests with coverage | testpaths: tests
CI: Test (windows-latest, py3.13) | Run unit tests with coverage | plugins: cov-7.1.0
CI: Test (windows-latest, py3.13) | Run unit tests with coverage | collecting ... collected 16 items
CI: Test (windows-latest, py3.13) | Run unit tests with coverage | 
CI: Test (windows-latest, py3.13) | Run unit tests with coverage | tests/test_api.py::test_health PASSED                                    [  6%]
CI: Test (windows-latest, py3.13) | Run unit tests with coverage | tests/test_api.py::test_index_lists_operations PASSED                    [ 12%]
CI: Test (windows-latest, py3.13) | Run unit tests with coverage | tests/test_api.py::test_operations[add-2-3-5] PASSED                     [ 18%]
CI: Test (windows-latest, py3.13) | Run unit tests with coverage | tests/test_api.py::test_operations[subtract-9-4-5] PASSED                [ 25%]
CI: Test (windows-latest, py3.13) | Run unit tests with coverage | tests/test_api.py::test_operations[multiply-6-7-42] PASSED               [ 31%]
CI: Test (windows-latest, py3.13) | Run unit tests with coverage | tests/test_api.py::test_operations[divide-9-2-4.5] PASSED                [ 37%]
CI: Test (windows-latest, py3.13) | Run unit tests with coverage | tests/test_api.py::test_divide_by_zero_returns_400 PASSED                [ 43%]
CI: Test (windows-latest, py3.13) | Run unit tests with coverage | tests/test_api.py::test_unknown_operation_returns_404 PASSED             [ 50%]
CI: Test (windows-latest, py3.13) | Run unit tests with coverage | tests/test_api.py::test_missing_parameter_returns_400 PASSED             [ 56%]
CI: Test (windows-latest, py3.13) | Run unit tests with coverage | tests/test_api.py::test_non_numeric_parameter_returns_400 PASSED         [ 62%]
CI: Test (windows-latest, py3.13) | Run unit tests with coverage | tests/test_calculator.py::test_add PASSED                                [ 68%]
CI: Test (windows-latest, py3.13) | Run unit tests with coverage | tests/test_calculator.py::test_add_negative PASSED                       [ 75%]
CI: Test (windows-latest, py3.13) | Run unit tests with coverage | tests/test_calculator.py::test_subtract PASSED                           [ 81%]
CI: Test (windows-latest, py3.13) | Run unit tests with coverage | tests/test_calculator.py::test_multiply PASSED                           [ 87%]
CI: Test (windows-latest, py3.13) | Run unit tests with coverage | tests/test_calculator.py::test_divide PASSED                             [ 93%]
CI: Test (windows-latest, py3.13) | Run unit tests with coverage | tests/test_calculator.py::test_divide_by_zero PASSED                     [100%]
CI: Test (windows-latest, py3.13) | Run unit tests with coverage | 
CI: Test (windows-latest, py3.13) | Run unit tests with coverage | - generated xml file: D:\a\devops-assignments\devops-assignments\DevOps\16-github-actions\reports\junit.xml -
CI: Test (windows-latest, py3.13) | Run unit tests with coverage | =============================== tests coverage ================================
CI: Test (windows-latest, py3.13) | Run unit tests with coverage | ______________ coverage: platform win32, python 3.13.15-final-0 _______________
CI: Test (windows-latest, py3.13) | Run unit tests with coverage | 
CI: Test (windows-latest, py3.13) | Run unit tests with coverage | Name                Stmts   Miss  Cover
CI: Test (windows-latest, py3.13) | Run unit tests with coverage | ---------------------------------------
CI: Test (windows-latest, py3.13) | Run unit tests with coverage | app\__init__.py         1      0   100%
CI: Test (windows-latest, py3.13) | Run unit tests with coverage | app\calculator.py      11      0   100%
CI: Test (windows-latest, py3.13) | Run unit tests with coverage | app\main.py            32      0   100%
CI: Test (windows-latest, py3.13) | Run unit tests with coverage | ---------------------------------------
CI: Test (windows-latest, py3.13) | Run unit tests with coverage | TOTAL                  44      0   100%
CI: Test (windows-latest, py3.13) | Run unit tests with coverage | Coverage HTML written to dir reports/htmlcov
CI: Test (windows-latest, py3.13) | Run unit tests with coverage | Coverage XML written to file reports/coverage.xml
CI: Test (windows-latest, py3.13) | Run unit tests with coverage | Required test coverage of 90% reached. Total coverage: 100.00%
CI: Test (windows-latest, py3.13) | Run unit tests with coverage | ============================= 16 passed in 0.56s ==============================
CI: Test (windows-latest, py3.13) | Upload test report + coverage artifact | ##[group]Run actions/upload-artifact@v7
CI: Test (windows-latest, py3.13) | Upload test report + coverage artifact | with:
CI: Test (windows-latest, py3.13) | Upload test report + coverage artifact |   name: test-report-windows-latest-py3.13
CI: Test (windows-latest, py3.13) | Upload test report + coverage artifact |   path: DevOps/16-github-actions/reports/
CI: Test (windows-latest, py3.13) | Upload test report + coverage artifact |   retention-days: 14
CI: Test (windows-latest, py3.13) | Upload test report + coverage artifact |   if-no-files-found: warn
CI: Test (windows-latest, py3.13) | Upload test report + coverage artifact |   compression-level: 6
CI: Test (windows-latest, py3.13) | Upload test report + coverage artifact |   overwrite: false
CI: Test (windows-latest, py3.13) | Upload test report + coverage artifact |   include-hidden-files: false
CI: Test (windows-latest, py3.13) | Upload test report + coverage artifact |   archive: true
CI: Test (windows-latest, py3.13) | Upload test report + coverage artifact | env:
CI: Test (windows-latest, py3.13) | Upload test report + coverage artifact |   APP_DIR: DevOps/16-github-actions
CI: Test (windows-latest, py3.13) | Upload test report + coverage artifact |   IMAGE_NAME: ghcr.io/astro-dude/devops-assignments/s16-calculator
CI: Test (windows-latest, py3.13) | Upload test report + coverage artifact |   pythonLocation: C:\hostedtoolcache\windows\Python\3.13.15\x64
CI: Test (windows-latest, py3.13) | Upload test report + coverage artifact |   PKG_CONFIG_PATH: C:\hostedtoolcache\windows\Python\3.13.15\x64/lib/pkgconfig
CI: Test (windows-latest, py3.13) | Upload test report + coverage artifact |   Python_ROOT_DIR: C:\hostedtoolcache\windows\Python\3.13.15\x64
CI: Test (windows-latest, py3.13) | Upload test report + coverage artifact |   Python2_ROOT_DIR: C:\hostedtoolcache\windows\Python\3.13.15\x64
CI: Test (windows-latest, py3.13) | Upload test report + coverage artifact |   Python3_ROOT_DIR: C:\hostedtoolcache\windows\Python\3.13.15\x64
CI: Test (windows-latest, py3.13) | Upload test report + coverage artifact | ##[endgroup]
CI: Test (windows-latest, py3.13) | Upload test report + coverage artifact | With the provided path, there will be 13 files uploaded
CI: Test (windows-latest, py3.13) | Upload test report + coverage artifact | Artifact name is valid!
CI: Test (windows-latest, py3.13) | Upload test report + coverage artifact | Root directory input is valid!
CI: Test (windows-latest, py3.13) | Upload test report + coverage artifact | Uploading artifact: test-report-windows-latest-py3.13.zip
CI: Test (windows-latest, py3.13) | Upload test report + coverage artifact | Beginning upload of artifact content to blob storage
CI: Test (windows-latest, py3.13) | Upload test report + coverage artifact | Uploaded bytes 30924
CI: Test (windows-latest, py3.13) | Upload test report + coverage artifact | Finished uploading artifact content to blob storage!
CI: Test (windows-latest, py3.13) | Upload test report + coverage artifact | SHA256 digest of uploaded artifact is e8890bcbdd5256e12d73c742cac983e2f120ace0738b39aed9601adb2604d342
CI: Test (windows-latest, py3.13) | Upload test report + coverage artifact | Finalizing artifact upload
CI: Test (windows-latest, py3.13) | Upload test report + coverage artifact | Artifact test-report-windows-latest-py3.13 successfully finalized. Artifact ID 11483954532
CI: Test (windows-latest, py3.13) | Upload test report + coverage artifact | Artifact test-report-windows-latest-py3.13 has been successfully uploaded! Final size is 30924 bytes. Artifact ID is 11483954532
CI: Test (windows-latest, py3.13) | Upload test report + coverage artifact | Artifact download URL: https://github.com/Astro-Dude/devops-assignments/actions/runs/37627185543/artifacts/11483954532
CI: Test (windows-latest, py3.13) | Post Setup Python 3.13 | Post job cleanup.
CI: Test (windows-latest, py3.13) | Post Setup Python 3.13 | Cache hit occurred on the primary key setup-python-Windows-x64-python-3.13.15-pip-932c68f097d43bc9ce24f914bdfe1d29305c4101ae0b5df8031ebcd5e274923e, not saving cache.
CI: Test (windows-latest, py3.13) | Post Checkout source code | Post job cleanup.
CI: Test (windows-latest, py3.13) | Post Checkout source code | [command]"C:\Program Files\Git\bin\git.exe" version
CI: Test (windows-latest, py3.13) | Post Checkout source code | git version 2.55.0.windows.5
CI: Test (windows-latest, py3.13) | Post Checkout source code | Temporarily overriding HOME='D:\a\_temp\b74da7a9-8390-4659-b386-a4122b688316' before making global git config changes
CI: Test (windows-latest, py3.13) | Post Checkout source code | Adding repository directory to the temporary git global config as a safe directory
CI: Test (windows-latest, py3.13) | Post Checkout source code | [command]"C:\Program Files\Git\bin\git.exe" config --global --add safe.directory D:\a\devops-assignments\devops-assignments
CI: Test (windows-latest, py3.13) | Post Checkout source code | Removing SSH command configuration
CI: Test (windows-latest, py3.13) | Post Checkout source code | [command]"C:\Program Files\Git\bin\git.exe" config --local --name-only --get-regexp core\.sshCommand
CI: Test (windows-latest, py3.13) | Post Checkout source code | [command]"C:\Program Files\Git\bin\git.exe" submodule foreach --recursive "sh -c \"git config --local --name-only --get-regexp 'core\.sshCommand' && git config --local --unset-all 'core.sshCommand' || :\""
CI: Test (windows-latest, py3.13) | Post Checkout source code | Removing HTTP extra header
CI: Test (windows-latest, py3.13) | Post Checkout source code | [command]"C:\Program Files\Git\bin\git.exe" config --local --name-only --get-regexp http\.https\:\/\/github\.com\/\.extraheader
CI: Test (windows-latest, py3.13) | Post Checkout source code | [command]"C:\Program Files\Git\bin\git.exe" submodule foreach --recursive "sh -c \"git config --local --name-only --get-regexp 'http\.https\:\/\/github\.com\/\.extraheader' && git config --local --unset-all 'http.https://github.com/.extraheader' || :\""
CI: Test (windows-latest, py3.13) | Post Checkout source code | Removing includeIf entries pointing to credentials config files
CI: Test (windows-latest, py3.13) | Post Checkout source code | [command]"C:\Program Files\Git\bin\git.exe" config --local --name-only --get-regexp ^includeIf\.gitdir:
CI: Test (windows-latest, py3.13) | Post Checkout source code | includeif.gitdir:D:/a/devops-assignments/devops-assignments/.git.path
CI: Test (windows-latest, py3.13) | Post Checkout source code | includeif.gitdir:D:/a/devops-assignments/devops-assignments/.git/worktrees/*.path
CI: Test (windows-latest, py3.13) | Post Checkout source code | includeif.gitdir:/github/workspace/.git.path
CI: Test (windows-latest, py3.13) | Post Checkout source code | includeif.gitdir:/github/workspace/.git/worktrees/*.path
CI: Test (windows-latest, py3.13) | Post Checkout source code | [command]"C:\Program Files\Git\bin\git.exe" config --local --get-all includeif.gitdir:D:/a/devops-assignments/devops-assignments/.git.path
CI: Test (windows-latest, py3.13) | Post Checkout source code | D:\a\_temp\git-credentials-bd1a5367-d63a-4c2e-92aa-12783e1c51b1.config
CI: Test (windows-latest, py3.13) | Post Checkout source code | [command]"C:\Program Files\Git\bin\git.exe" config --local --unset includeif.gitdir:D:/a/devops-assignments/devops-assignments/.git.path D\:\\a\\_temp\\git\-credentials\-bd1a5367\-d63a\-4c2e\-92aa\-12783e1c51b1\.config
CI: Test (windows-latest, py3.13) | Post Checkout source code | [command]"C:\Program Files\Git\bin\git.exe" config --local --get-all includeif.gitdir:D:/a/devops-assignments/devops-assignments/.git/worktrees/*.path
CI: Test (windows-latest, py3.13) | Post Checkout source code | D:\a\_temp\git-credentials-bd1a5367-d63a-4c2e-92aa-12783e1c51b1.config
CI: Test (windows-latest, py3.13) | Post Checkout source code | [command]"C:\Program Files\Git\bin\git.exe" config --local --unset includeif.gitdir:D:/a/devops-assignments/devops-assignments/.git/worktrees/*.path D\:\\a\\_temp\\git\-credentials\-bd1a5367\-d63a\-4c2e\-92aa\-12783e1c51b1\.config
CI: Test (windows-latest, py3.13) | Post Checkout source code | [command]"C:\Program Files\Git\bin\git.exe" config --local --get-all includeif.gitdir:/github/workspace/.git.path
CI: Test (windows-latest, py3.13) | Post Checkout source code | /github/runner_temp/git-credentials-bd1a5367-d63a-4c2e-92aa-12783e1c51b1.config
CI: Test (windows-latest, py3.13) | Post Checkout source code | [command]"C:\Program Files\Git\bin\git.exe" config --local --unset includeif.gitdir:/github/workspace/.git.path \/github\/runner_temp\/git\-credentials\-bd1a5367\-d63a\-4c2e\-92aa\-12783e1c51b1\.config
CI: Test (windows-latest, py3.13) | Post Checkout source code | [command]"C:\Program Files\Git\bin\git.exe" config --local --get-all includeif.gitdir:/github/workspace/.git/worktrees/*.path
CI: Test (windows-latest, py3.13) | Post Checkout source code | /github/runner_temp/git-credentials-bd1a5367-d63a-4c2e-92aa-12783e1c51b1.config
CI: Test (windows-latest, py3.13) | Post Checkout source code | [command]"C:\Program Files\Git\bin\git.exe" config --local --unset includeif.gitdir:/github/workspace/.git/worktrees/*.path \/github\/runner_temp\/git\-credentials\-bd1a5367\-d63a\-4c2e\-92aa\-12783e1c51b1\.config
CI: Test (windows-latest, py3.13) | Post Checkout source code | [command]"C:\Program Files\Git\bin\git.exe" submodule foreach --recursive "git config --local --show-origin --name-only --get-regexp remote.origin.url"
CI: Test (windows-latest, py3.13) | Post Checkout source code | Removing credentials config 'D:\a\_temp\git-credentials-bd1a5367-d63a-4c2e-92aa-12783e1c51b1.config'
CI: Test (windows-latest, py3.13) | Complete job | Cleaning up orphan processes
CI: Test report (download artifacts) | Set up job | Current runner version: '2.337.0'
CI: Test report (download artifacts) | Set up job | ##[group]Runner Image Provisioner
CI: Test report (download artifacts) | Set up job | Hosted Compute Agent
CI: Test report (download artifacts) | Set up job | Version: 20260901.588
CI: Test report (download artifacts) | Set up job | Commit: f88ec8081b781fac6c440065ac7ff9e710ce3d0b
CI: Test report (download artifacts) | Set up job | Build Date: 2026-09-01T19:56:44Z
CI: Test report (download artifacts) | Set up job | Worker ID: {f25f80aa-767d-49da-b79a-5d87dc361764}
CI: Test report (download artifacts) | Set up job | Azure Region: westus3
CI: Test report (download artifacts) | Set up job | ##[endgroup]
CI: Test report (download artifacts) | Set up job | ##[group]Operating System
CI: Test report (download artifacts) | Set up job | Ubuntu
CI: Test report (download artifacts) | Set up job | 24.04.5
CI: Test report (download artifacts) | Set up job | LTS
CI: Test report (download artifacts) | Set up job | ##[endgroup]
CI: Test report (download artifacts) | Set up job | ##[group]Runner Image
CI: Test report (download artifacts) | Set up job | Image: ubuntu-24.04
CI: Test report (download artifacts) | Set up job | Version: 20260927.320.1
CI: Test report (download artifacts) | Set up job | Included Software: https://github.com/actions/runner-images/blob/ubuntu24/20260927.320/images/ubuntu/Ubuntu2404-Readme.md
CI: Test report (download artifacts) | Set up job | Image Release: https://github.com/actions/runner-images/releases/tag/ubuntu24%2F20260927.320
CI: Test report (download artifacts) | Set up job | ##[endgroup]
CI: Test report (download artifacts) | Set up job | ##[group]GITHUB_TOKEN Permissions
CI: Test report (download artifacts) | Set up job | Contents: read
CI: Test report (download artifacts) | Set up job | Metadata: read
CI: Test report (download artifacts) | Set up job | ##[endgroup]
CI: Test report (download artifacts) | Set up job | Secret source: Actions
CI: Test report (download artifacts) | Set up job | Cache mode: write
CI: Test report (download artifacts) | Set up job | Prepare workflow directory
CI: Test report (download artifacts) | Set up job | Prepare all required actions
CI: Test report (download artifacts) | Set up job | Getting action download info
CI: Test report (download artifacts) | Set up job | Download action repository 'actions/download-artifact@v8' (SHA:9000827ccba6bdab643e8b6fd33ac0654aef8333)
CI: Test report (download artifacts) | Set up job | Complete job name: CI: Test report (download artifacts)
CI: Test report (download artifacts) | Download every test-report-* artifact | ##[group]Run actions/download-artifact@v8
CI: Test report (download artifacts) | Download every test-report-* artifact | with:
CI: Test report (download artifacts) | Download every test-report-* artifact |   pattern: test-report-*
CI: Test report (download artifacts) | Download every test-report-* artifact |   path: all-reports
CI: Test report (download artifacts) | Download every test-report-* artifact |   merge-multiple: false
CI: Test report (download artifacts) | Download every test-report-* artifact |   repository: Astro-Dude/devops-assignments
CI: Test report (download artifacts) | Download every test-report-* artifact |   run-id: 37627185543
CI: Test report (download artifacts) | Download every test-report-* artifact |   skip-decompress: false
CI: Test report (download artifacts) | Download every test-report-* artifact |   digest-mismatch: error
CI: Test report (download artifacts) | Download every test-report-* artifact | env:
CI: Test report (download artifacts) | Download every test-report-* artifact |   APP_DIR: DevOps/16-github-actions
CI: Test report (download artifacts) | Download every test-report-* artifact |   IMAGE_NAME: ghcr.io/astro-dude/devops-assignments/s16-calculator
CI: Test report (download artifacts) | Download every test-report-* artifact | ##[endgroup]
CI: Test report (download artifacts) | Download every test-report-* artifact | Found 5 artifact(s)
CI: Test report (download artifacts) | Download every test-report-* artifact | Filtering artifacts by pattern 'test-report-*'
CI: Test report (download artifacts) | Download every test-report-* artifact | Preparing to download the following artifacts:
CI: Test report (download artifacts) | Download every test-report-* artifact | - test-report-ubuntu-latest-py3.14 (ID: 11485185277, Size: 30875, Expected Digest: sha256:47a07b17809a9f6fe011a7c34c00a2d6aac8207edb9c13269baaf9f6ce276385)
CI: Test report (download artifacts) | Download every test-report-* artifact | - test-report-ubuntu-latest-py3.13 (ID: 11485130350, Size: 30875, Expected Digest: sha256:c13b804818d7a3f69074f7242825e0d036f060ea93cd636673a0d7cb87bcd683)
CI: Test report (download artifacts) | Download every test-report-* artifact | - test-report-ubuntu-latest-py3.12 (ID: 11484323899, Size: 30878, Expected Digest: sha256:db3fb5347a6d693362a04a8079fef052378bbb059d62138f13af30b6b7e8a917)
CI: Test report (download artifacts) | Download every test-report-* artifact | - test-report-macos-latest-py3.13 (ID: 11484198989, Size: 30924, Expected Digest: sha256:8e9fbff56f5818520d9aae325e352a1c73149e41473a927b0774f00b30c57a8b)
CI: Test report (download artifacts) | Download every test-report-* artifact | - test-report-windows-latest-py3.13 (ID: 11483954532, Size: 30924, Expected Digest: sha256:e8890bcbdd5256e12d73c742cac983e2f120ace0738b39aed9601adb2604d342)
CI: Test report (download artifacts) | Download every test-report-* artifact | Redirecting to blob download url: https://productionresultssa12.blob.core.windows.net/actions-results/adcc21ae-aa90-8a3b-80d1-bab30f464886/workflow-job-run-7000e440-7c63-5c3f-b727-09ffe84573e8/artifacts/451839b13aa4123ef986a41873f9c0c4a56ac4eb19a652a6207017f67dc431a2.zip
CI: Test report (download artifacts) | Download every test-report-* artifact | Starting download of artifact to: /home/runner/work/devops-assignments/devops-assignments/all-reports/test-report-macos-latest-py3.13
CI: Test report (download artifacts) | Download every test-report-* artifact | Redirecting to blob download url: https://productionresultssa12.blob.core.windows.net/actions-results/adcc21ae-aa90-8a3b-80d1-bab30f464886/workflow-job-run-e013b509-7cee-5e40-b110-82f433095cd8/artifacts/f98428b6820183e21f23777bc303643523aa6aa50f8d212a6fb57ab219018aad.zip
CI: Test report (download artifacts) | Download every test-report-* artifact | Starting download of artifact to: /home/runner/work/devops-assignments/devops-assignments/all-reports/test-report-ubuntu-latest-py3.12
CI: Test report (download artifacts) | Download every test-report-* artifact | Redirecting to blob download url: https://productionresultssa12.blob.core.windows.net/actions-results/adcc21ae-aa90-8a3b-80d1-bab30f464886/workflow-job-run-32941406-efa2-5e86-a187-83aa414ad5a5/artifacts/5a6f4d3c5fdc130fcf5d11da067469fa09f8d764bf862b4df8b6483c780b7bd1.zip
CI: Test report (download artifacts) | Download every test-report-* artifact | Starting download of artifact to: /home/runner/work/devops-assignments/devops-assignments/all-reports/test-report-ubuntu-latest-py3.14
CI: Test report (download artifacts) | Download every test-report-* artifact | Redirecting to blob download url: https://productionresultssa12.blob.core.windows.net/actions-results/adcc21ae-aa90-8a3b-80d1-bab30f464886/workflow-job-run-b6268f3e-9a87-522e-ac05-3903700bc178/artifacts/3ad2fceceaf0d844da606914a72b87d05de0cc73aa25ef171cbf7fc1461c335d.zip
CI: Test report (download artifacts) | Download every test-report-* artifact | Starting download of artifact to: /home/runner/work/devops-assignments/devops-assignments/all-reports/test-report-windows-latest-py3.13
CI: Test report (download artifacts) | Download every test-report-* artifact | Redirecting to blob download url: https://productionresultssa12.blob.core.windows.net/actions-results/adcc21ae-aa90-8a3b-80d1-bab30f464886/workflow-job-run-fa33187a-24b9-5d53-be2d-39f4d1b70e47/artifacts/ab76ff91b7e576582a53b6f69df3e3b742966d47510206a966dbf82241f50677.zip
CI: Test report (download artifacts) | Download every test-report-* artifact | Starting download of artifact to: /home/runner/work/devops-assignments/devops-assignments/all-reports/test-report-ubuntu-latest-py3.13
CI: Test report (download artifacts) | Download every test-report-* artifact | (node:2154) [DEP0005] DeprecationWarning: Buffer() is deprecated due to security and usability issues. Please use the Buffer.alloc(), Buffer.allocUnsafe(), or Buffer.from() methods instead.
CI: Test report (download artifacts) | Download every test-report-* artifact | (Use `node --trace-deprecation ...` to show where the warning was created)
CI: Test report (download artifacts) | Download every test-report-* artifact | SHA256 digest of downloaded artifact is 8e9fbff56f5818520d9aae325e352a1c73149e41473a927b0774f00b30c57a8b
CI: Test report (download artifacts) | Download every test-report-* artifact | Artifact download completed successfully.
CI: Test report (download artifacts) | Download every test-report-* artifact | SHA256 digest of downloaded artifact is db3fb5347a6d693362a04a8079fef052378bbb059d62138f13af30b6b7e8a917
CI: Test report (download artifacts) | Download every test-report-* artifact | Artifact download completed successfully.
CI: Test report (download artifacts) | Download every test-report-* artifact | SHA256 digest of downloaded artifact is 47a07b17809a9f6fe011a7c34c00a2d6aac8207edb9c13269baaf9f6ce276385
CI: Test report (download artifacts) | Download every test-report-* artifact | Artifact download completed successfully.
CI: Test report (download artifacts) | Download every test-report-* artifact | SHA256 digest of downloaded artifact is e8890bcbdd5256e12d73c742cac983e2f120ace0738b39aed9601adb2604d342
CI: Test report (download artifacts) | Download every test-report-* artifact | Artifact download completed successfully.
CI: Test report (download artifacts) | Download every test-report-* artifact | SHA256 digest of downloaded artifact is c13b804818d7a3f69074f7242825e0d036f060ea93cd636673a0d7cb87bcd683
CI: Test report (download artifacts) | Download every test-report-* artifact | Artifact download completed successfully.
CI: Test report (download artifacts) | Download every test-report-* artifact | Total of 5 artifact(s) downloaded
CI: Test report (download artifacts) | Download every test-report-* artifact | Download artifact has finished successfully
CI: Test report (download artifacts) | Summarise JUnit results into the job summary | ##[group]Run find all-reports -maxdepth 2 -name '*.xml' | sort
CI: Test report (download artifacts) | Summarise JUnit results into the job summary | find all-reports -maxdepth 2 -name '*.xml' | sort
CI: Test report (download artifacts) | Summarise JUnit results into the job summary | python3 - <<'PY' | tee -a "$GITHUB_STEP_SUMMARY"
CI: Test report (download artifacts) | Summarise JUnit results into the job summary | import glob, os, xml.etree.ElementTree as ET
CI: Test report (download artifacts) | Summarise JUnit results into the job summary | print("### Unit test results per runner\n")
CI: Test report (download artifacts) | Summarise JUnit results into the job summary | print("| Runner / Python | Tests | Failures | Errors | Skipped | Line coverage |")
CI: Test report (download artifacts) | Summarise JUnit results into the job summary | print("|---|---|---|---|---|---|")
CI: Test report (download artifacts) | Summarise JUnit results into the job summary | for d in sorted(glob.glob("all-reports/test-report-*")):
CI: Test report (download artifacts) | Summarise JUnit results into the job summary |     leg = os.path.basename(d).removeprefix("test-report-")
CI: Test report (download artifacts) | Summarise JUnit results into the job summary |     try:
CI: Test report (download artifacts) | Summarise JUnit results into the job summary |         s = ET.parse(f"{d}/junit.xml").getroot()
CI: Test report (download artifacts) | Summarise JUnit results into the job summary |         s = s if s.tag == "testsuite" else s.find("testsuite")
CI: Test report (download artifacts) | Summarise JUnit results into the job summary |         cov = ET.parse(f"{d}/coverage.xml").getroot().get("line-rate")
CI: Test report (download artifacts) | Summarise JUnit results into the job summary |         cov = f"{float(cov) * 100:.1f}%"
CI: Test report (download artifacts) | Summarise JUnit results into the job summary |         print(f"| {leg} | {s.get('tests')} | {s.get('failures')} | {s.get('errors')} | {s.get('skipped')} | {cov} |")
CI: Test report (download artifacts) | Summarise JUnit results into the job summary |     except FileNotFoundError:
CI: Test report (download artifacts) | Summarise JUnit results into the job summary |         print(f"| {leg} | (no report) | | | | |")
CI: Test report (download artifacts) | Summarise JUnit results into the job summary | PY
CI: Test report (download artifacts) | Summarise JUnit results into the job summary | shell: /usr/bin/bash -e {0}
CI: Test report (download artifacts) | Summarise JUnit results into the job summary | env:
CI: Test report (download artifacts) | Summarise JUnit results into the job summary |   APP_DIR: DevOps/16-github-actions
CI: Test report (download artifacts) | Summarise JUnit results into the job summary |   IMAGE_NAME: ghcr.io/astro-dude/devops-assignments/s16-calculator
CI: Test report (download artifacts) | Summarise JUnit results into the job summary | ##[endgroup]
CI: Test report (download artifacts) | Summarise JUnit results into the job summary | all-reports/test-report-macos-latest-py3.13/coverage.xml
CI: Test report (download artifacts) | Summarise JUnit results into the job summary | all-reports/test-report-macos-latest-py3.13/junit.xml
CI: Test report (download artifacts) | Summarise JUnit results into the job summary | all-reports/test-report-ubuntu-latest-py3.12/coverage.xml
CI: Test report (download artifacts) | Summarise JUnit results into the job summary | all-reports/test-report-ubuntu-latest-py3.12/junit.xml
CI: Test report (download artifacts) | Summarise JUnit results into the job summary | all-reports/test-report-ubuntu-latest-py3.13/coverage.xml
CI: Test report (download artifacts) | Summarise JUnit results into the job summary | all-reports/test-report-ubuntu-latest-py3.13/junit.xml
CI: Test report (download artifacts) | Summarise JUnit results into the job summary | all-reports/test-report-ubuntu-latest-py3.14/coverage.xml
CI: Test report (download artifacts) | Summarise JUnit results into the job summary | all-reports/test-report-ubuntu-latest-py3.14/junit.xml
CI: Test report (download artifacts) | Summarise JUnit results into the job summary | all-reports/test-report-windows-latest-py3.13/coverage.xml
CI: Test report (download artifacts) | Summarise JUnit results into the job summary | all-reports/test-report-windows-latest-py3.13/junit.xml
CI: Test report (download artifacts) | Summarise JUnit results into the job summary | ### Unit test results per runner
CI: Test report (download artifacts) | Summarise JUnit results into the job summary | 
CI: Test report (download artifacts) | Summarise JUnit results into the job summary | | Runner / Python | Tests | Failures | Errors | Skipped | Line coverage |
CI: Test report (download artifacts) | Summarise JUnit results into the job summary | |---|---|---|---|---|---|
CI: Test report (download artifacts) | Summarise JUnit results into the job summary | | macos-latest-py3.13 | 16 | 0 | 0 | 0 | 100.0% |
CI: Test report (download artifacts) | Summarise JUnit results into the job summary | | ubuntu-latest-py3.12 | 16 | 0 | 0 | 0 | 100.0% |
CI: Test report (download artifacts) | Summarise JUnit results into the job summary | | ubuntu-latest-py3.13 | 16 | 0 | 0 | 0 | 100.0% |
CI: Test report (download artifacts) | Summarise JUnit results into the job summary | | ubuntu-latest-py3.14 | 16 | 0 | 0 | 0 | 100.0% |
CI: Test report (download artifacts) | Summarise JUnit results into the job summary | | windows-latest-py3.13 | 16 | 0 | 0 | 0 | 100.0% |
CI: Test report (download artifacts) | Complete job | Cleaning up orphan processes
CI: Security check + secrets demo | Set up job | Current runner version: '2.337.0'
CI: Security check + secrets demo | Set up job | ##[group]Runner Image Provisioner
CI: Security check + secrets demo | Set up job | Hosted Compute Agent
CI: Security check + secrets demo | Set up job | Version: 20260901.588
CI: Security check + secrets demo | Set up job | Commit: f88ec8081b781fac6c440065ac7ff9e710ce3d0b
CI: Security check + secrets demo | Set up job | Build Date: 2026-09-01T19:56:44Z
CI: Security check + secrets demo | Set up job | Worker ID: {266bc049-1b65-4f4b-8ae4-ca03e30773cd}
CI: Security check + secrets demo | Set up job | Azure Region: eastus
CI: Security check + secrets demo | Set up job | ##[endgroup]
CI: Security check + secrets demo | Set up job | ##[group]Operating System
CI: Security check + secrets demo | Set up job | Ubuntu
CI: Security check + secrets demo | Set up job | 24.04.5
CI: Security check + secrets demo | Set up job | LTS
CI: Security check + secrets demo | Set up job | ##[endgroup]
CI: Security check + secrets demo | Set up job | ##[group]Runner Image
CI: Security check + secrets demo | Set up job | Image: ubuntu-24.04
CI: Security check + secrets demo | Set up job | Version: 20260927.320.1
CI: Security check + secrets demo | Set up job | Included Software: https://github.com/actions/runner-images/blob/ubuntu24/20260927.320/images/ubuntu/Ubuntu2404-Readme.md
CI: Security check + secrets demo | Set up job | Image Release: https://github.com/actions/runner-images/releases/tag/ubuntu24%2F20260927.320
CI: Security check + secrets demo | Set up job | ##[endgroup]
CI: Security check + secrets demo | Set up job | ##[group]GITHUB_TOKEN Permissions
CI: Security check + secrets demo | Set up job | Contents: read
CI: Security check + secrets demo | Set up job | Metadata: read
CI: Security check + secrets demo | Set up job | ##[endgroup]
CI: Security check + secrets demo | Set up job | Secret source: Actions
CI: Security check + secrets demo | Set up job | Cache mode: write
CI: Security check + secrets demo | Set up job | Prepare workflow directory
CI: Security check + secrets demo | Set up job | Prepare all required actions
CI: Security check + secrets demo | Set up job | Getting action download info
CI: Security check + secrets demo | Set up job | Download action repository 'actions/checkout@v7' (SHA:3d3c42e5aac5ba805825da76410c181273ba90b1)
CI: Security check + secrets demo | Set up job | Complete job name: CI: Security check + secrets demo
CI: Security check + secrets demo | Checkout source code | ##[group]Run actions/checkout@v7
CI: Security check + secrets demo | Checkout source code | with:
CI: Security check + secrets demo | Checkout source code |   repository: Astro-Dude/devops-assignments
CI: Security check + secrets demo | Checkout source code |   token: ***
CI: Security check + secrets demo | Checkout source code |   ssh-strict: true
CI: Security check + secrets demo | Checkout source code |   ssh-user: git
CI: Security check + secrets demo | Checkout source code |   persist-credentials: true
CI: Security check + secrets demo | Checkout source code |   clean: true
CI: Security check + secrets demo | Checkout source code |   sparse-checkout-cone-mode: true
CI: Security check + secrets demo | Checkout source code |   fetch-depth: 1
CI: Security check + secrets demo | Checkout source code |   fetch-tags: false
CI: Security check + secrets demo | Checkout source code |   show-progress: true
CI: Security check + secrets demo | Checkout source code |   lfs: false
CI: Security check + secrets demo | Checkout source code |   submodules: false
CI: Security check + secrets demo | Checkout source code |   set-safe-directory: true
CI: Security check + secrets demo | Checkout source code |   allow-unsafe-pr-checkout: false
CI: Security check + secrets demo | Checkout source code | env:
CI: Security check + secrets demo | Checkout source code |   APP_DIR: DevOps/16-github-actions
CI: Security check + secrets demo | Checkout source code |   IMAGE_NAME: ghcr.io/astro-dude/devops-assignments/s16-calculator
CI: Security check + secrets demo | Checkout source code | ##[endgroup]
CI: Security check + secrets demo | Checkout source code | Syncing repository: Astro-Dude/devops-assignments
CI: Security check + secrets demo | Checkout source code | ##[group]Getting Git version info
CI: Security check + secrets demo | Checkout source code | Working directory is '/home/runner/work/devops-assignments/devops-assignments'
CI: Security check + secrets demo | Checkout source code | [command]/usr/bin/git version
CI: Security check + secrets demo | Checkout source code | git version 2.55.0
CI: Security check + secrets demo | Checkout source code | ##[endgroup]
CI: Security check + secrets demo | Checkout source code | Temporarily overriding HOME='/home/runner/work/_temp/bedc24c1-91de-4c84-9630-49e9dcbad2f2' before making global git config changes
CI: Security check + secrets demo | Checkout source code | Adding repository directory to the temporary git global config as a safe directory
CI: Security check + secrets demo | Checkout source code | [command]/usr/bin/git config --global --add safe.directory /home/runner/work/devops-assignments/devops-assignments
CI: Security check + secrets demo | Checkout source code | Deleting the contents of '/home/runner/work/devops-assignments/devops-assignments'
CI: Security check + secrets demo | Checkout source code | ##[group]Determining repository object format
CI: Security check + secrets demo | Checkout source code | ##[endgroup]
CI: Security check + secrets demo | Checkout source code | ##[group]Initializing the repository
CI: Security check + secrets demo | Checkout source code | [command]/usr/bin/git init /home/runner/work/devops-assignments/devops-assignments
CI: Security check + secrets demo | Checkout source code | hint: Using 'master' as the name for the initial branch. This default branch name
CI: Security check + secrets demo | Checkout source code | hint: will change to "main" in Git 3.0. To configure the initial branch name
CI: Security check + secrets demo | Checkout source code | hint: to use in all of your new repositories, which will suppress this warning,
CI: Security check + secrets demo | Checkout source code | hint: call:
CI: Security check + secrets demo | Checkout source code | hint:
CI: Security check + secrets demo | Checkout source code | hint: 	git config --global init.defaultBranch <name>
CI: Security check + secrets demo | Checkout source code | hint:
CI: Security check + secrets demo | Checkout source code | hint: Names commonly chosen instead of 'master' are 'main', 'trunk' and
CI: Security check + secrets demo | Checkout source code | hint: 'development'. The just-created branch can be renamed via this command:
CI: Security check + secrets demo | Checkout source code | hint:
CI: Security check + secrets demo | Checkout source code | hint: 	git branch -m <name>
CI: Security check + secrets demo | Checkout source code | hint:
CI: Security check + secrets demo | Checkout source code | hint: Disable this message with "git config set advice.defaultBranchName false"
CI: Security check + secrets demo | Checkout source code | Initialized empty Git repository in /home/runner/work/devops-assignments/devops-assignments/.git/
CI: Security check + secrets demo | Checkout source code | [command]/usr/bin/git remote add origin https://github.com/Astro-Dude/devops-assignments
CI: Security check + secrets demo | Checkout source code | ##[endgroup]
CI: Security check + secrets demo | Checkout source code | ##[group]Disabling automatic garbage collection
CI: Security check + secrets demo | Checkout source code | [command]/usr/bin/git config --local gc.auto 0
CI: Security check + secrets demo | Checkout source code | ##[endgroup]
CI: Security check + secrets demo | Checkout source code | ##[group]Setting up auth
CI: Security check + secrets demo | Checkout source code | Removing SSH command configuration
CI: Security check + secrets demo | Checkout source code | [command]/usr/bin/git config --local --name-only --get-regexp core\.sshCommand
CI: Security check + secrets demo | Checkout source code | [command]/usr/bin/git submodule foreach --recursive sh -c "git config --local --name-only --get-regexp 'core\.sshCommand' && git config --local --unset-all 'core.sshCommand' || :"
CI: Security check + secrets demo | Checkout source code | Removing HTTP extra header
CI: Security check + secrets demo | Checkout source code | [command]/usr/bin/git config --local --name-only --get-regexp http\.https\:\/\/github\.com\/\.extraheader
CI: Security check + secrets demo | Checkout source code | [command]/usr/bin/git submodule foreach --recursive sh -c "git config --local --name-only --get-regexp 'http\.https\:\/\/github\.com\/\.extraheader' && git config --local --unset-all 'http.https://github.com/.extraheader' || :"
CI: Security check + secrets demo | Checkout source code | Removing includeIf entries pointing to credentials config files
CI: Security check + secrets demo | Checkout source code | [command]/usr/bin/git config --local --name-only --get-regexp ^includeIf\.gitdir:
CI: Security check + secrets demo | Checkout source code | [command]/usr/bin/git submodule foreach --recursive git config --local --show-origin --name-only --get-regexp remote.origin.url
CI: Security check + secrets demo | Checkout source code | [command]/usr/bin/git config --file /home/runner/work/_temp/git-credentials-70888b6f-6d67-4ca2-b69e-871ad05322ff.config http.https://github.com/.extraheader AUTHORIZATION: basic ***
CI: Security check + secrets demo | Checkout source code | [command]/usr/bin/git config --local includeIf.gitdir:/home/runner/work/devops-assignments/devops-assignments/.git.path /home/runner/work/_temp/git-credentials-70888b6f-6d67-4ca2-b69e-871ad05322ff.config
CI: Security check + secrets demo | Checkout source code | [command]/usr/bin/git config --local includeIf.gitdir:/home/runner/work/devops-assignments/devops-assignments/.git/worktrees/*.path /home/runner/work/_temp/git-credentials-70888b6f-6d67-4ca2-b69e-871ad05322ff.config
CI: Security check + secrets demo | Checkout source code | [command]/usr/bin/git config --local includeIf.gitdir:/github/workspace/.git.path /github/runner_temp/git-credentials-70888b6f-6d67-4ca2-b69e-871ad05322ff.config
CI: Security check + secrets demo | Checkout source code | [command]/usr/bin/git config --local includeIf.gitdir:/github/workspace/.git/worktrees/*.path /github/runner_temp/git-credentials-70888b6f-6d67-4ca2-b69e-871ad05322ff.config
CI: Security check + secrets demo | Checkout source code | ##[endgroup]
CI: Security check + secrets demo | Checkout source code | ##[group]Fetching the repository
CI: Security check + secrets demo | Checkout source code | [command]/usr/bin/git -c protocol.version=2 fetch --no-tags --prune --no-recurse-submodules --depth=1 origin +aad6094c7b9df37c04216f70746f4700b94e49bd:refs/remotes/origin/main
CI: Security check + secrets demo | Checkout source code | From https://github.com/Astro-Dude/devops-assignments
CI: Security check + secrets demo | Checkout source code |  * [new ref]         aad6094c7b9df37c04216f70746f4700b94e49bd -> origin/main
CI: Security check + secrets demo | Checkout source code | [command]/usr/bin/git branch --list --remote origin/main
CI: Security check + secrets demo | Checkout source code |   origin/main
CI: Security check + secrets demo | Checkout source code | [command]/usr/bin/git rev-parse refs/remotes/origin/main
CI: Security check + secrets demo | Checkout source code | aad6094c7b9df37c04216f70746f4700b94e49bd
CI: Security check + secrets demo | Checkout source code | ##[endgroup]
CI: Security check + secrets demo | Checkout source code | ##[group]Determining the checkout info
CI: Security check + secrets demo | Checkout source code | ##[endgroup]
CI: Security check + secrets demo | Checkout source code | [command]/usr/bin/git sparse-checkout disable
CI: Security check + secrets demo | Checkout source code | [command]/usr/bin/git config --local --unset-all extensions.worktreeConfig
CI: Security check + secrets demo | Checkout source code | ##[group]Checking out the ref
CI: Security check + secrets demo | Checkout source code | [command]/usr/bin/git checkout --progress --force -B main refs/remotes/origin/main
CI: Security check + secrets demo | Checkout source code | Switched to a new branch 'main'
CI: Security check + secrets demo | Checkout source code | branch 'main' set up to track 'origin/main'.
CI: Security check + secrets demo | Checkout source code | ##[endgroup]
CI: Security check + secrets demo | Checkout source code | [command]/usr/bin/git log -1 --format=%H
CI: Security check + secrets demo | Checkout source code | aad6094c7b9df37c04216f70746f4700b94e49bd
CI: Security check + secrets demo | Check for committed sensitive files | ##[group]Run echo "Checking $PWD for common sensitive files..."
CI: Security check + secrets demo | Check for committed sensitive files | echo "Checking $PWD for common sensitive files..."
CI: Security check + secrets demo | Check for committed sensitive files | if find . -type f \( -name ".env" -o -name "*.pem" -o -name "*.key" -o -name "kubeconfig*" \) | grep .; then
CI: Security check + secrets demo | Check for committed sensitive files |   echo "::error::Potential sensitive file committed"
CI: Security check + secrets demo | Check for committed sensitive files |   exit 1
CI: Security check + secrets demo | Check for committed sensitive files | fi
CI: Security check + secrets demo | Check for committed sensitive files | echo "No common sensitive files found."
CI: Security check + secrets demo | Check for committed sensitive files | shell: /usr/bin/bash --noprofile --norc -e -o pipefail {0}
CI: Security check + secrets demo | Check for committed sensitive files | env:
CI: Security check + secrets demo | Check for committed sensitive files |   APP_DIR: DevOps/16-github-actions
CI: Security check + secrets demo | Check for committed sensitive files |   IMAGE_NAME: ghcr.io/astro-dude/devops-assignments/s16-calculator
CI: Security check + secrets demo | Check for committed sensitive files | ##[endgroup]
CI: Security check + secrets demo | Check for committed sensitive files | Checking /home/runner/work/devops-assignments/devops-assignments/DevOps/16-github-actions for common sensitive files...
CI: Security check + secrets demo | Check for committed sensitive files | No common sensitive files found.
CI: Security check + secrets demo | Secrets are masked in logs (GITHUB_TOKEN) | ##[group]Run echo "Printing the secret directly -> $TOKEN"
CI: Security check + secrets demo | Secrets are masked in logs (GITHUB_TOKEN) | echo "Printing the secret directly -> $TOKEN"
CI: Security check + secrets demo | Secrets are masked in logs (GITHUB_TOKEN) | echo "Secret length                -> ${#TOKEN} characters"
CI: Security check + secrets demo | Secrets are masked in logs (GITHUB_TOKEN) | echo "Using it to call the GitHub API as the workflow:"
CI: Security check + secrets demo | Secrets are masked in logs (GITHUB_TOKEN) | curl -fsS -H "Authorization: ***" \
CI: Security check + secrets demo | Secrets are masked in logs (GITHUB_TOKEN) |   "https://api.github.com/repos/$GITHUB_REPOSITORY" | jq '{full_name, visibility, default_branch}'
CI: Security check + secrets demo | Secrets are masked in logs (GITHUB_TOKEN) | if [ -z "$OPTIONAL_API_KEY" ]; then
CI: Security check + secrets demo | Secrets are masked in logs (GITHUB_TOKEN) |   echo "S16_DEMO_API_KEY is not configured -> skipping optional integration (secrets never fail open)"
CI: Security check + secrets demo | Secrets are masked in logs (GITHUB_TOKEN) | fi
CI: Security check + secrets demo | Secrets are masked in logs (GITHUB_TOKEN) | shell: /usr/bin/bash --noprofile --norc -e -o pipefail {0}
CI: Security check + secrets demo | Secrets are masked in logs (GITHUB_TOKEN) | env:
CI: Security check + secrets demo | Secrets are masked in logs (GITHUB_TOKEN) |   APP_DIR: DevOps/16-github-actions
CI: Security check + secrets demo | Secrets are masked in logs (GITHUB_TOKEN) |   IMAGE_NAME: ghcr.io/astro-dude/devops-assignments/s16-calculator
CI: Security check + secrets demo | Secrets are masked in logs (GITHUB_TOKEN) |   TOKEN: ***
CI: Security check + secrets demo | Secrets are masked in logs (GITHUB_TOKEN) |   OPTIONAL_API_KEY: 
CI: Security check + secrets demo | Secrets are masked in logs (GITHUB_TOKEN) | ##[endgroup]
CI: Security check + secrets demo | Secrets are masked in logs (GITHUB_TOKEN) | Printing the secret directly -> ***
CI: Security check + secrets demo | Secrets are masked in logs (GITHUB_TOKEN) | Secret length                -> 377 characters
CI: Security check + secrets demo | Secrets are masked in logs (GITHUB_TOKEN) | Using it to call the GitHub API as the workflow:
CI: Security check + secrets demo | Secrets are masked in logs (GITHUB_TOKEN) | {
CI: Security check + secrets demo | Secrets are masked in logs (GITHUB_TOKEN) |   "full_name": "Astro-Dude/devops-assignments",
CI: Security check + secrets demo | Secrets are masked in logs (GITHUB_TOKEN) |   "visibility": "public",
CI: Security check + secrets demo | Secrets are masked in logs (GITHUB_TOKEN) |   "default_branch": "main"
CI: Security check + secrets demo | Secrets are masked in logs (GITHUB_TOKEN) | }
CI: Security check + secrets demo | Secrets are masked in logs (GITHUB_TOKEN) | S16_DEMO_API_KEY is not configured -> skipping optional integration (secrets never fail open)
CI: Security check + secrets demo | Post Checkout source code | Post job cleanup.
CI: Security check + secrets demo | Post Checkout source code | [command]/usr/bin/git version
CI: Security check + secrets demo | Post Checkout source code | git version 2.55.0
CI: Security check + secrets demo | Post Checkout source code | Temporarily overriding HOME='/home/runner/work/_temp/4682b308-54f8-4ea1-b9b3-7fcffb8d97cd' before making global git config changes
CI: Security check + secrets demo | Post Checkout source code | Adding repository directory to the temporary git global config as a safe directory
CI: Security check + secrets demo | Post Checkout source code | [command]/usr/bin/git config --global --add safe.directory /home/runner/work/devops-assignments/devops-assignments
CI: Security check + secrets demo | Post Checkout source code | Removing SSH command configuration
CI: Security check + secrets demo | Post Checkout source code | [command]/usr/bin/git config --local --name-only --get-regexp core\.sshCommand
CI: Security check + secrets demo | Post Checkout source code | [command]/usr/bin/git submodule foreach --recursive sh -c "git config --local --name-only --get-regexp 'core\.sshCommand' && git config --local --unset-all 'core.sshCommand' || :"
CI: Security check + secrets demo | Post Checkout source code | Removing HTTP extra header
CI: Security check + secrets demo | Post Checkout source code | [command]/usr/bin/git config --local --name-only --get-regexp http\.https\:\/\/github\.com\/\.extraheader
CI: Security check + secrets demo | Post Checkout source code | [command]/usr/bin/git submodule foreach --recursive sh -c "git config --local --name-only --get-regexp 'http\.https\:\/\/github\.com\/\.extraheader' && git config --local --unset-all 'http.https://github.com/.extraheader' || :"
CI: Security check + secrets demo | Post Checkout source code | Removing includeIf entries pointing to credentials config files
CI: Security check + secrets demo | Post Checkout source code | [command]/usr/bin/git config --local --name-only --get-regexp ^includeIf\.gitdir:
CI: Security check + secrets demo | Post Checkout source code | includeif.gitdir:/home/runner/work/devops-assignments/devops-assignments/.git.path
CI: Security check + secrets demo | Post Checkout source code | includeif.gitdir:/home/runner/work/devops-assignments/devops-assignments/.git/worktrees/*.path
CI: Security check + secrets demo | Post Checkout source code | includeif.gitdir:/github/workspace/.git.path
CI: Security check + secrets demo | Post Checkout source code | includeif.gitdir:/github/workspace/.git/worktrees/*.path
CI: Security check + secrets demo | Post Checkout source code | [command]/usr/bin/git config --local --get-all includeif.gitdir:/home/runner/work/devops-assignments/devops-assignments/.git.path
CI: Security check + secrets demo | Post Checkout source code | /home/runner/work/_temp/git-credentials-70888b6f-6d67-4ca2-b69e-871ad05322ff.config
CI: Security check + secrets demo | Post Checkout source code | [command]/usr/bin/git config --local --unset includeif.gitdir:/home/runner/work/devops-assignments/devops-assignments/.git.path \/home\/runner\/work\/_temp\/git\-credentials\-70888b6f\-6d67\-4ca2\-b69e\-871ad05322ff\.config
CI: Security check + secrets demo | Post Checkout source code | [command]/usr/bin/git config --local --get-all includeif.gitdir:/home/runner/work/devops-assignments/devops-assignments/.git/worktrees/*.path
CI: Security check + secrets demo | Post Checkout source code | /home/runner/work/_temp/git-credentials-70888b6f-6d67-4ca2-b69e-871ad05322ff.config
CI: Security check + secrets demo | Post Checkout source code | [command]/usr/bin/git config --local --unset includeif.gitdir:/home/runner/work/devops-assignments/devops-assignments/.git/worktrees/*.path \/home\/runner\/work\/_temp\/git\-credentials\-70888b6f\-6d67\-4ca2\-b69e\-871ad05322ff\.config
CI: Security check + secrets demo | Post Checkout source code | [command]/usr/bin/git config --local --get-all includeif.gitdir:/github/workspace/.git.path
CI: Security check + secrets demo | Post Checkout source code | /github/runner_temp/git-credentials-70888b6f-6d67-4ca2-b69e-871ad05322ff.config
CI: Security check + secrets demo | Post Checkout source code | [command]/usr/bin/git config --local --unset includeif.gitdir:/github/workspace/.git.path \/github\/runner_temp\/git\-credentials\-70888b6f\-6d67\-4ca2\-b69e\-871ad05322ff\.config
CI: Security check + secrets demo | Post Checkout source code | [command]/usr/bin/git config --local --get-all includeif.gitdir:/github/workspace/.git/worktrees/*.path
CI: Security check + secrets demo | Post Checkout source code | /github/runner_temp/git-credentials-70888b6f-6d67-4ca2-b69e-871ad05322ff.config
CI: Security check + secrets demo | Post Checkout source code | [command]/usr/bin/git config --local --unset includeif.gitdir:/github/workspace/.git/worktrees/*.path \/github\/runner_temp\/git\-credentials\-70888b6f\-6d67\-4ca2\-b69e\-871ad05322ff\.config
CI: Security check + secrets demo | Post Checkout source code | [command]/usr/bin/git submodule foreach --recursive git config --local --show-origin --name-only --get-regexp remote.origin.url
CI: Security check + secrets demo | Post Checkout source code | Removing credentials config '/home/runner/work/_temp/git-credentials-70888b6f-6d67-4ca2-b69e-871ad05322ff.config'
CI: Security check + secrets demo | Complete job | Cleaning up orphan processes
CI: Build bundle + Docker image | Set up job | Current runner version: '2.337.0'
CI: Build bundle + Docker image | Set up job | ##[group]Runner Image Provisioner
CI: Build bundle + Docker image | Set up job | Hosted Compute Agent
CI: Build bundle + Docker image | Set up job | Version: 20261002.596
CI: Build bundle + Docker image | Set up job | Commit: c3d12f3313a95f25162a1503be624f3b0617f8c0
CI: Build bundle + Docker image | Set up job | Build Date: 2026-10-02T22:28:27Z
CI: Build bundle + Docker image | Set up job | Worker ID: {2d3ac602-133b-44a2-9790-40e5de207f13}
CI: Build bundle + Docker image | Set up job | Region: eastus
CI: Build bundle + Docker image | Set up job | Cloud: Azure
CI: Build bundle + Docker image | Set up job | ##[endgroup]
CI: Build bundle + Docker image | Set up job | ##[group]Operating System
CI: Build bundle + Docker image | Set up job | Ubuntu
CI: Build bundle + Docker image | Set up job | 24.04.5
CI: Build bundle + Docker image | Set up job | LTS
CI: Build bundle + Docker image | Set up job | ##[endgroup]
CI: Build bundle + Docker image | Set up job | ##[group]Runner Image
CI: Build bundle + Docker image | Set up job | Image: ubuntu-24.04
CI: Build bundle + Docker image | Set up job | Version: 20261004.327.1
CI: Build bundle + Docker image | Set up job | Included Software: https://github.com/actions/runner-images/blob/ubuntu24/20261004.327/images/ubuntu/Ubuntu2404-Readme.md
CI: Build bundle + Docker image | Set up job | Image Release: https://github.com/actions/runner-images/releases/tag/ubuntu24%2F20261004.327
CI: Build bundle + Docker image | Set up job | ##[endgroup]
CI: Build bundle + Docker image | Set up job | ##[group]GITHUB_TOKEN Permissions
CI: Build bundle + Docker image | Set up job | Contents: read
CI: Build bundle + Docker image | Set up job | Metadata: read
CI: Build bundle + Docker image | Set up job | ##[endgroup]
CI: Build bundle + Docker image | Set up job | Secret source: Actions
CI: Build bundle + Docker image | Set up job | Cache mode: write
CI: Build bundle + Docker image | Set up job | Prepare workflow directory
CI: Build bundle + Docker image | Set up job | Prepare all required actions
CI: Build bundle + Docker image | Set up job | Getting action download info
CI: Build bundle + Docker image | Set up job | Download action repository 'actions/checkout@v7' (SHA:3d3c42e5aac5ba805825da76410c181273ba90b1)
CI: Build bundle + Docker image | Set up job | Download action repository 'actions/setup-python@v7' (SHA:5fda3b95a4ea91299a34e894583c3862153e4b97)
CI: Build bundle + Docker image | Set up job | Download action repository 'actions/upload-artifact@v7' (SHA:cf430e030ddbb5b0abf93d22962f4752f3646cd9)
CI: Build bundle + Docker image | Set up job | Complete job name: CI: Build bundle + Docker image
CI: Build bundle + Docker image | Checkout source code | ##[group]Run actions/checkout@v7
CI: Build bundle + Docker image | Checkout source code | with:
CI: Build bundle + Docker image | Checkout source code |   repository: Astro-Dude/devops-assignments
CI: Build bundle + Docker image | Checkout source code |   token: ***
CI: Build bundle + Docker image | Checkout source code |   ssh-strict: true
CI: Build bundle + Docker image | Checkout source code |   ssh-user: git
CI: Build bundle + Docker image | Checkout source code |   persist-credentials: true
CI: Build bundle + Docker image | Checkout source code |   clean: true
CI: Build bundle + Docker image | Checkout source code |   sparse-checkout-cone-mode: true
CI: Build bundle + Docker image | Checkout source code |   fetch-depth: 1
CI: Build bundle + Docker image | Checkout source code |   fetch-tags: false
CI: Build bundle + Docker image | Checkout source code |   show-progress: true
CI: Build bundle + Docker image | Checkout source code |   lfs: false
CI: Build bundle + Docker image | Checkout source code |   submodules: false
CI: Build bundle + Docker image | Checkout source code |   set-safe-directory: true
CI: Build bundle + Docker image | Checkout source code |   allow-unsafe-pr-checkout: false
CI: Build bundle + Docker image | Checkout source code | env:
CI: Build bundle + Docker image | Checkout source code |   APP_DIR: DevOps/16-github-actions
CI: Build bundle + Docker image | Checkout source code |   IMAGE_NAME: ghcr.io/astro-dude/devops-assignments/s16-calculator
CI: Build bundle + Docker image | Checkout source code | ##[endgroup]
CI: Build bundle + Docker image | Checkout source code | Syncing repository: Astro-Dude/devops-assignments
CI: Build bundle + Docker image | Checkout source code | ##[group]Getting Git version info
CI: Build bundle + Docker image | Checkout source code | Working directory is '/home/runner/work/devops-assignments/devops-assignments'
CI: Build bundle + Docker image | Checkout source code | [command]/usr/bin/git version
CI: Build bundle + Docker image | Checkout source code | git version 2.55.0
CI: Build bundle + Docker image | Checkout source code | ##[endgroup]
CI: Build bundle + Docker image | Checkout source code | Temporarily overriding HOME='/home/runner/work/_temp/7e2327f8-c0f2-47d2-9a1b-6f1f06c3e465' before making global git config changes
CI: Build bundle + Docker image | Checkout source code | Adding repository directory to the temporary git global config as a safe directory
CI: Build bundle + Docker image | Checkout source code | [command]/usr/bin/git config --global --add safe.directory /home/runner/work/devops-assignments/devops-assignments
CI: Build bundle + Docker image | Checkout source code | Deleting the contents of '/home/runner/work/devops-assignments/devops-assignments'
CI: Build bundle + Docker image | Checkout source code | ##[group]Determining repository object format
CI: Build bundle + Docker image | Checkout source code | ##[endgroup]
CI: Build bundle + Docker image | Checkout source code | ##[group]Initializing the repository
CI: Build bundle + Docker image | Checkout source code | [command]/usr/bin/git init /home/runner/work/devops-assignments/devops-assignments
CI: Build bundle + Docker image | Checkout source code | hint: Using 'master' as the name for the initial branch. This default branch name
CI: Build bundle + Docker image | Checkout source code | hint: will change to "main" in Git 3.0. To configure the initial branch name
CI: Build bundle + Docker image | Checkout source code | hint: to use in all of your new repositories, which will suppress this warning,
CI: Build bundle + Docker image | Checkout source code | hint: call:
CI: Build bundle + Docker image | Checkout source code | hint:
CI: Build bundle + Docker image | Checkout source code | hint: 	git config --global init.defaultBranch <name>
CI: Build bundle + Docker image | Checkout source code | hint:
CI: Build bundle + Docker image | Checkout source code | hint: Names commonly chosen instead of 'master' are 'main', 'trunk' and
CI: Build bundle + Docker image | Checkout source code | hint: 'development'. The just-created branch can be renamed via this command:
CI: Build bundle + Docker image | Checkout source code | hint:
CI: Build bundle + Docker image | Checkout source code | hint: 	git branch -m <name>
CI: Build bundle + Docker image | Checkout source code | hint:
CI: Build bundle + Docker image | Checkout source code | hint: Disable this message with "git config set advice.defaultBranchName false"
CI: Build bundle + Docker image | Checkout source code | Initialized empty Git repository in /home/runner/work/devops-assignments/devops-assignments/.git/
CI: Build bundle + Docker image | Checkout source code | [command]/usr/bin/git remote add origin https://github.com/Astro-Dude/devops-assignments
CI: Build bundle + Docker image | Checkout source code | ##[endgroup]
CI: Build bundle + Docker image | Checkout source code | ##[group]Disabling automatic garbage collection
CI: Build bundle + Docker image | Checkout source code | [command]/usr/bin/git config --local gc.auto 0
CI: Build bundle + Docker image | Checkout source code | ##[endgroup]
CI: Build bundle + Docker image | Checkout source code | ##[group]Setting up auth
CI: Build bundle + Docker image | Checkout source code | Removing SSH command configuration
CI: Build bundle + Docker image | Checkout source code | [command]/usr/bin/git config --local --name-only --get-regexp core\.sshCommand
CI: Build bundle + Docker image | Checkout source code | [command]/usr/bin/git submodule foreach --recursive sh -c "git config --local --name-only --get-regexp 'core\.sshCommand' && git config --local --unset-all 'core.sshCommand' || :"
CI: Build bundle + Docker image | Checkout source code | Removing HTTP extra header
CI: Build bundle + Docker image | Checkout source code | [command]/usr/bin/git config --local --name-only --get-regexp http\.https\:\/\/github\.com\/\.extraheader
CI: Build bundle + Docker image | Checkout source code | [command]/usr/bin/git submodule foreach --recursive sh -c "git config --local --name-only --get-regexp 'http\.https\:\/\/github\.com\/\.extraheader' && git config --local --unset-all 'http.https://github.com/.extraheader' || :"
CI: Build bundle + Docker image | Checkout source code | Removing includeIf entries pointing to credentials config files
CI: Build bundle + Docker image | Checkout source code | [command]/usr/bin/git config --local --name-only --get-regexp ^includeIf\.gitdir:
CI: Build bundle + Docker image | Checkout source code | [command]/usr/bin/git submodule foreach --recursive git config --local --show-origin --name-only --get-regexp remote.origin.url
CI: Build bundle + Docker image | Checkout source code | [command]/usr/bin/git config --file /home/runner/work/_temp/git-credentials-cf655905-703e-4dbc-96c9-88f1462fb642.config http.https://github.com/.extraheader AUTHORIZATION: basic ***
CI: Build bundle + Docker image | Checkout source code | [command]/usr/bin/git config --local includeIf.gitdir:/home/runner/work/devops-assignments/devops-assignments/.git.path /home/runner/work/_temp/git-credentials-cf655905-703e-4dbc-96c9-88f1462fb642.config
CI: Build bundle + Docker image | Checkout source code | [command]/usr/bin/git config --local includeIf.gitdir:/home/runner/work/devops-assignments/devops-assignments/.git/worktrees/*.path /home/runner/work/_temp/git-credentials-cf655905-703e-4dbc-96c9-88f1462fb642.config
CI: Build bundle + Docker image | Checkout source code | [command]/usr/bin/git config --local includeIf.gitdir:/github/workspace/.git.path /github/runner_temp/git-credentials-cf655905-703e-4dbc-96c9-88f1462fb642.config
CI: Build bundle + Docker image | Checkout source code | [command]/usr/bin/git config --local includeIf.gitdir:/github/workspace/.git/worktrees/*.path /github/runner_temp/git-credentials-cf655905-703e-4dbc-96c9-88f1462fb642.config
CI: Build bundle + Docker image | Checkout source code | ##[endgroup]
CI: Build bundle + Docker image | Checkout source code | ##[group]Fetching the repository
CI: Build bundle + Docker image | Checkout source code | [command]/usr/bin/git -c protocol.version=2 fetch --no-tags --prune --no-recurse-submodules --depth=1 origin +aad6094c7b9df37c04216f70746f4700b94e49bd:refs/remotes/origin/main
CI: Build bundle + Docker image | Checkout source code | From https://github.com/Astro-Dude/devops-assignments
CI: Build bundle + Docker image | Checkout source code |  * [new ref]         aad6094c7b9df37c04216f70746f4700b94e49bd -> origin/main
CI: Build bundle + Docker image | Checkout source code | [command]/usr/bin/git branch --list --remote origin/main
CI: Build bundle + Docker image | Checkout source code |   origin/main
CI: Build bundle + Docker image | Checkout source code | [command]/usr/bin/git rev-parse refs/remotes/origin/main
CI: Build bundle + Docker image | Checkout source code | aad6094c7b9df37c04216f70746f4700b94e49bd
CI: Build bundle + Docker image | Checkout source code | ##[endgroup]
CI: Build bundle + Docker image | Checkout source code | ##[group]Determining the checkout info
CI: Build bundle + Docker image | Checkout source code | ##[endgroup]
CI: Build bundle + Docker image | Checkout source code | [command]/usr/bin/git sparse-checkout disable
CI: Build bundle + Docker image | Checkout source code | [command]/usr/bin/git config --local --unset-all extensions.worktreeConfig
CI: Build bundle + Docker image | Checkout source code | ##[group]Checking out the ref
CI: Build bundle + Docker image | Checkout source code | [command]/usr/bin/git checkout --progress --force -B main refs/remotes/origin/main
CI: Build bundle + Docker image | Checkout source code | Switched to a new branch 'main'
CI: Build bundle + Docker image | Checkout source code | branch 'main' set up to track 'origin/main'.
CI: Build bundle + Docker image | Checkout source code | ##[endgroup]
CI: Build bundle + Docker image | Checkout source code | [command]/usr/bin/git log -1 --format=%H
CI: Build bundle + Docker image | Checkout source code | aad6094c7b9df37c04216f70746f4700b94e49bd
CI: Build bundle + Docker image | Setup Python | ##[group]Run actions/setup-python@v7
CI: Build bundle + Docker image | Setup Python | with:
CI: Build bundle + Docker image | Setup Python |   python-version: 3.13
CI: Build bundle + Docker image | Setup Python |   check-latest: false
CI: Build bundle + Docker image | Setup Python |   token: ***
CI: Build bundle + Docker image | Setup Python |   update-environment: true
CI: Build bundle + Docker image | Setup Python |   allow-prereleases: false
CI: Build bundle + Docker image | Setup Python |   freethreaded: false
CI: Build bundle + Docker image | Setup Python | env:
CI: Build bundle + Docker image | Setup Python |   APP_DIR: DevOps/16-github-actions
CI: Build bundle + Docker image | Setup Python |   IMAGE_NAME: ghcr.io/astro-dude/devops-assignments/s16-calculator
CI: Build bundle + Docker image | Setup Python | ##[endgroup]
CI: Build bundle + Docker image | Setup Python | ##[group]Installed versions
CI: Build bundle + Docker image | Setup Python | Successfully set up CPython (3.13.16)
CI: Build bundle + Docker image | Setup Python | ##[endgroup]
CI: Build bundle + Docker image | Build release bundle | ##[group]Run ./build.sh
CI: Build bundle + Docker image | Build release bundle | ./build.sh
CI: Build bundle + Docker image | Build release bundle | shell: /usr/bin/bash --noprofile --norc -e -o pipefail {0}
CI: Build bundle + Docker image | Build release bundle | env:
CI: Build bundle + Docker image | Build release bundle |   APP_DIR: DevOps/16-github-actions
CI: Build bundle + Docker image | Build release bundle |   IMAGE_NAME: ghcr.io/astro-dude/devops-assignments/s16-calculator
CI: Build bundle + Docker image | Build release bundle |   pythonLocation: /opt/hostedtoolcache/Python/3.13.16/x64
CI: Build bundle + Docker image | Build release bundle |   PKG_CONFIG_PATH: /opt/hostedtoolcache/Python/3.13.16/x64/lib/pkgconfig
CI: Build bundle + Docker image | Build release bundle |   Python_ROOT_DIR: /opt/hostedtoolcache/Python/3.13.16/x64
CI: Build bundle + Docker image | Build release bundle |   Python2_ROOT_DIR: /opt/hostedtoolcache/Python/3.13.16/x64
CI: Build bundle + Docker image | Build release bundle |   Python3_ROOT_DIR: /opt/hostedtoolcache/Python/3.13.16/x64
CI: Build bundle + Docker image | Build release bundle |   LD_LIBRARY_PATH: /opt/hostedtoolcache/Python/3.13.16/x64/lib
CI: Build bundle + Docker image | Build release bundle |   GIT_SHA: aad6094c7b9df37c04216f70746f4700b94e49bd
CI: Build bundle + Docker image | Build release bundle | ##[endgroup]
CI: Build bundle + Docker image | Build release bundle | =================================
CI: Build bundle + Docker image | Build release bundle |  Building s16-calculator 1.0.0 (aad6094c7b9df37c04216f70746f4700b94e49bd)
CI: Build bundle + Docker image | Build release bundle | =================================
CI: Build bundle + Docker image | Build release bundle | 
CI: Build bundle + Docker image | Build release bundle | Build files:
CI: Build bundle + Docker image | Build release bundle | total 20
CI: Build bundle + Docker image | Build release bundle | drwxr-xr-x 2 runner runner 4096 Oct  7 13:17 .
CI: Build bundle + Docker image | Build release bundle | drwxr-xr-x 8 runner runner 4096 Oct  7 13:17 ..
CI: Build bundle + Docker image | Build release bundle | -rw-r--r-- 1 runner runner   96 Oct  7 13:17 SHA256SUMS
CI: Build bundle + Docker image | Build release bundle | -rw-r--r-- 1 runner runner  213 Oct  7 13:17 build-info.txt
CI: Build bundle + Docker image | Build release bundle | -rw-r--r-- 1 runner runner 1048 Oct  7 13:17 s16-calculator-1.0.0.tar.gz
CI: Build bundle + Docker image | Build release bundle | 
CI: Build bundle + Docker image | Build release bundle | Application : s16-calculator
CI: Build bundle + Docker image | Build release bundle | Version     : 1.0.0
CI: Build bundle + Docker image | Build release bundle | Git SHA     : aad6094c7b9df37c04216f70746f4700b94e49bd
CI: Build bundle + Docker image | Build release bundle | Built at    : 2026-10-07T13:17:48Z
CI: Build bundle + Docker image | Build release bundle | Built on    : GitHub Actions 1000001558 (Linux)
CI: Build bundle + Docker image | Build release bundle | Workflow run: 37627185543
CI: Build bundle + Docker image | Build release bundle | Build completed successfully.
CI: Build bundle + Docker image | Upload build artifact | ##[group]Run actions/upload-artifact@v7
CI: Build bundle + Docker image | Upload build artifact | with:
CI: Build bundle + Docker image | Upload build artifact |   name: calculator-build
CI: Build bundle + Docker image | Upload build artifact |   path: DevOps/16-github-actions/build/
CI: Build bundle + Docker image | Upload build artifact |   if-no-files-found: warn
CI: Build bundle + Docker image | Upload build artifact |   compression-level: 6
CI: Build bundle + Docker image | Upload build artifact |   overwrite: false
CI: Build bundle + Docker image | Upload build artifact |   include-hidden-files: false
CI: Build bundle + Docker image | Upload build artifact |   archive: true
CI: Build bundle + Docker image | Upload build artifact | env:
CI: Build bundle + Docker image | Upload build artifact |   APP_DIR: DevOps/16-github-actions
CI: Build bundle + Docker image | Upload build artifact |   IMAGE_NAME: ghcr.io/astro-dude/devops-assignments/s16-calculator
CI: Build bundle + Docker image | Upload build artifact |   pythonLocation: /opt/hostedtoolcache/Python/3.13.16/x64
CI: Build bundle + Docker image | Upload build artifact |   PKG_CONFIG_PATH: /opt/hostedtoolcache/Python/3.13.16/x64/lib/pkgconfig
CI: Build bundle + Docker image | Upload build artifact |   Python_ROOT_DIR: /opt/hostedtoolcache/Python/3.13.16/x64
CI: Build bundle + Docker image | Upload build artifact |   Python2_ROOT_DIR: /opt/hostedtoolcache/Python/3.13.16/x64
CI: Build bundle + Docker image | Upload build artifact |   Python3_ROOT_DIR: /opt/hostedtoolcache/Python/3.13.16/x64
CI: Build bundle + Docker image | Upload build artifact |   LD_LIBRARY_PATH: /opt/hostedtoolcache/Python/3.13.16/x64/lib
CI: Build bundle + Docker image | Upload build artifact | ##[endgroup]
CI: Build bundle + Docker image | Upload build artifact | With the provided path, there will be 3 files uploaded
CI: Build bundle + Docker image | Upload build artifact | Artifact name is valid!
CI: Build bundle + Docker image | Upload build artifact | Root directory input is valid!
CI: Build bundle + Docker image | Upload build artifact | Uploading artifact: calculator-build.zip
CI: Build bundle + Docker image | Upload build artifact | Beginning upload of artifact content to blob storage
CI: Build bundle + Docker image | Upload build artifact | Uploaded bytes 1705
CI: Build bundle + Docker image | Upload build artifact | Finished uploading artifact content to blob storage!
CI: Build bundle + Docker image | Upload build artifact | SHA256 digest of uploaded artifact is 95aa01026ff9eb23555420fe19fd2828bf46f1f90194fba15e88d551e43d43ae
CI: Build bundle + Docker image | Upload build artifact | Finalizing artifact upload
CI: Build bundle + Docker image | Upload build artifact | Artifact calculator-build successfully finalized. Artifact ID 11484457913
CI: Build bundle + Docker image | Upload build artifact | Artifact calculator-build has been successfully uploaded! Final size is 1705 bytes. Artifact ID is 11484457913
CI: Build bundle + Docker image | Upload build artifact | Artifact download URL: https://github.com/Astro-Dude/devops-assignments/actions/runs/37627185543/artifacts/11484457913
CI: Build bundle + Docker image | Build Docker image | ##[group]Run docker build --build-arg GIT_SHA=aad6094c7b9df37c04216f70746f4700b94e49bd -t s16-calculator:aad6094c7b9df37c04216f70746f4700b94e49bd .
CI: Build bundle + Docker image | Build Docker image | docker build --build-arg GIT_SHA=aad6094c7b9df37c04216f70746f4700b94e49bd -t s16-calculator:aad6094c7b9df37c04216f70746f4700b94e49bd .
CI: Build bundle + Docker image | Build Docker image | docker image ls s16-calculator
CI: Build bundle + Docker image | Build Docker image | shell: /usr/bin/bash --noprofile --norc -e -o pipefail {0}
CI: Build bundle + Docker image | Build Docker image | env:
CI: Build bundle + Docker image | Build Docker image |   APP_DIR: DevOps/16-github-actions
CI: Build bundle + Docker image | Build Docker image |   IMAGE_NAME: ghcr.io/astro-dude/devops-assignments/s16-calculator
CI: Build bundle + Docker image | Build Docker image |   pythonLocation: /opt/hostedtoolcache/Python/3.13.16/x64
CI: Build bundle + Docker image | Build Docker image |   PKG_CONFIG_PATH: /opt/hostedtoolcache/Python/3.13.16/x64/lib/pkgconfig
CI: Build bundle + Docker image | Build Docker image |   Python_ROOT_DIR: /opt/hostedtoolcache/Python/3.13.16/x64
CI: Build bundle + Docker image | Build Docker image |   Python2_ROOT_DIR: /opt/hostedtoolcache/Python/3.13.16/x64
CI: Build bundle + Docker image | Build Docker image |   Python3_ROOT_DIR: /opt/hostedtoolcache/Python/3.13.16/x64
CI: Build bundle + Docker image | Build Docker image |   LD_LIBRARY_PATH: /opt/hostedtoolcache/Python/3.13.16/x64/lib
CI: Build bundle + Docker image | Build Docker image | ##[endgroup]
CI: Build bundle + Docker image | Build Docker image | #0 building with "default" instance using docker driver
CI: Build bundle + Docker image | Build Docker image | 
CI: Build bundle + Docker image | Build Docker image | #1 [internal] load build definition from Dockerfile
CI: Build bundle + Docker image | Build Docker image | #1 transferring dockerfile: 1.13kB 0.0s done
CI: Build bundle + Docker image | Build Docker image | #1 DONE 0.0s
CI: Build bundle + Docker image | Build Docker image | 
CI: Build bundle + Docker image | Build Docker image | #2 [auth] docker/dockerfile:pull token for registry-1.docker.io
CI: Build bundle + Docker image | Build Docker image | #2 DONE 0.0s
CI: Build bundle + Docker image | Build Docker image | 
CI: Build bundle + Docker image | Build Docker image | #3 resolve image config for docker-image://docker.io/docker/dockerfile:1
CI: Build bundle + Docker image | Build Docker image | #3 DONE 0.4s
CI: Build bundle + Docker image | Build Docker image | 
CI: Build bundle + Docker image | Build Docker image | #4 docker-image://docker.io/docker/dockerfile:1@sha256:4edf897a3ffa55b89f906fc8cc78afdb3f1834cc9c7083565e611a8a7d5fe99e
CI: Build bundle + Docker image | Build Docker image | #4 resolve docker.io/docker/dockerfile:1@sha256:4edf897a3ffa55b89f906fc8cc78afdb3f1834cc9c7083565e611a8a7d5fe99e done
CI: Build bundle + Docker image | Build Docker image | #4 extracting sha256:9d2b4f57f9e20f33279375ce25c6ff14f30f64270ed5c7b613b2b30256754f62
CI: Build bundle + Docker image | Build Docker image | #4 sha256:4edf897a3ffa55b89f906fc8cc78afdb3f1834cc9c7083565e611a8a7d5fe99e 9.08kB / 9.08kB done
CI: Build bundle + Docker image | Build Docker image | #4 sha256:7b32114e84ca21aeb2d6f871a0b62b3a0762193f75d9afd048ee4cbe889f3148 1.13kB / 1.13kB done
CI: Build bundle + Docker image | Build Docker image | #4 sha256:528c92d70d7e39dbb3dd1c6681f6750c565c7e45b70527cda47c1a61495c1b6a 1.41kB / 1.41kB done
CI: Build bundle + Docker image | Build Docker image | #4 sha256:9d2b4f57f9e20f33279375ce25c6ff14f30f64270ed5c7b613b2b30256754f62 14.28MB / 14.28MB 0.1s done
CI: Build bundle + Docker image | Build Docker image | #4 extracting sha256:9d2b4f57f9e20f33279375ce25c6ff14f30f64270ed5c7b613b2b30256754f62 0.1s done
CI: Build bundle + Docker image | Build Docker image | #4 DONE 0.2s
CI: Build bundle + Docker image | Build Docker image | 
CI: Build bundle + Docker image | Build Docker image | #5 [auth] library/python:pull token for registry-1.docker.io
CI: Build bundle + Docker image | Build Docker image | #5 DONE 0.0s
CI: Build bundle + Docker image | Build Docker image | 
CI: Build bundle + Docker image | Build Docker image | #6 [internal] load metadata for docker.io/library/python:3.13-slim
CI: Build bundle + Docker image | Build Docker image | #6 DONE 0.3s
CI: Build bundle + Docker image | Build Docker image | 
CI: Build bundle + Docker image | Build Docker image | #7 [internal] load .dockerignore
CI: Build bundle + Docker image | Build Docker image | #7 transferring context: 166B done
CI: Build bundle + Docker image | Build Docker image | #7 DONE 0.0s
CI: Build bundle + Docker image | Build Docker image | 
CI: Build bundle + Docker image | Build Docker image | #8 [internal] load build context
CI: Build bundle + Docker image | Build Docker image | #8 transferring context: 6.17kB done
CI: Build bundle + Docker image | Build Docker image | #8 DONE 0.0s
CI: Build bundle + Docker image | Build Docker image | 
CI: Build bundle + Docker image | Build Docker image | #9 [deps 1/4] FROM docker.io/library/python:3.13-slim@sha256:bf44cdfcb76cd3b41e879bc058fc37ec5872002ccfde7fcb765e218cde0cd79c
CI: Build bundle + Docker image | Build Docker image | #9 resolve docker.io/library/python:3.13-slim@sha256:bf44cdfcb76cd3b41e879bc058fc37ec5872002ccfde7fcb765e218cde0cd79c done
CI: Build bundle + Docker image | Build Docker image | #9 sha256:2f5b06adfd9138ef928aaf8b34f3fecf122b137a537133dfe421509dd57b4a47 250B / 250B 0.1s done
CI: Build bundle + Docker image | Build Docker image | #9 sha256:bf44cdfcb76cd3b41e879bc058fc37ec5872002ccfde7fcb765e218cde0cd79c 10.37kB / 10.37kB done
CI: Build bundle + Docker image | Build Docker image | #9 sha256:8fb4cfa1a2616d7b8e0c2175cc6ad68f5729c34ea8488c0b360d2934b7be9024 1.75kB / 1.75kB done
CI: Build bundle + Docker image | Build Docker image | #9 sha256:ce3ff9524414289fc922d9d5dc1de87abc77a39ff2ff5007435839f2af1d7569 5.51kB / 5.51kB done
CI: Build bundle + Docker image | Build Docker image | #9 sha256:ecc510c1e359bdc007b39802570bb7e4dec7d6ebccf357c3201a74299113e05e 25.17MB / 29.84MB 0.1s
CI: Build bundle + Docker image | Build Docker image | #9 sha256:65a67aec859c5fafe6ca38c2ed07825c97acf3febdcf62b79441a1bfca4f3a4a 1.29MB / 1.29MB 0.1s done
CI: Build bundle + Docker image | Build Docker image | #9 sha256:3a5db7051419a594a866378c5d2c422e3d282d69e6792b3213772cb1349da446 10.49MB / 11.92MB 0.1s
CI: Build bundle + Docker image | Build Docker image | #9 sha256:ecc510c1e359bdc007b39802570bb7e4dec7d6ebccf357c3201a74299113e05e 29.84MB / 29.84MB 0.1s done
CI: Build bundle + Docker image | Build Docker image | #9 sha256:3a5db7051419a594a866378c5d2c422e3d282d69e6792b3213772cb1349da446 11.92MB / 11.92MB 0.1s done
CI: Build bundle + Docker image | Build Docker image | #9 extracting sha256:ecc510c1e359bdc007b39802570bb7e4dec7d6ebccf357c3201a74299113e05e 0.1s
CI: Build bundle + Docker image | Build Docker image | #9 extracting sha256:ecc510c1e359bdc007b39802570bb7e4dec7d6ebccf357c3201a74299113e05e 0.9s done
CI: Build bundle + Docker image | Build Docker image | #9 extracting sha256:65a67aec859c5fafe6ca38c2ed07825c97acf3febdcf62b79441a1bfca4f3a4a
CI: Build bundle + Docker image | Build Docker image | #9 extracting sha256:65a67aec859c5fafe6ca38c2ed07825c97acf3febdcf62b79441a1bfca4f3a4a 0.1s done
CI: Build bundle + Docker image | Build Docker image | #9 extracting sha256:3a5db7051419a594a866378c5d2c422e3d282d69e6792b3213772cb1349da446 0.1s
CI: Build bundle + Docker image | Build Docker image | #9 extracting sha256:3a5db7051419a594a866378c5d2c422e3d282d69e6792b3213772cb1349da446 0.5s done
CI: Build bundle + Docker image | Build Docker image | #9 extracting sha256:2f5b06adfd9138ef928aaf8b34f3fecf122b137a537133dfe421509dd57b4a47 done
CI: Build bundle + Docker image | Build Docker image | #9 DONE 1.9s
CI: Build bundle + Docker image | Build Docker image | 
CI: Build bundle + Docker image | Build Docker image | #10 [deps 2/4] WORKDIR /install
CI: Build bundle + Docker image | Build Docker image | #10 DONE 0.0s
CI: Build bundle + Docker image | Build Docker image | 
CI: Build bundle + Docker image | Build Docker image | #11 [deps 3/4] COPY requirements.txt .
CI: Build bundle + Docker image | Build Docker image | #11 DONE 0.0s
CI: Build bundle + Docker image | Build Docker image | 
CI: Build bundle + Docker image | Build Docker image | #12 [deps 4/4] RUN pip install --no-cache-dir --prefix=/install/pkgs -r requirements.txt
CI: Build bundle + Docker image | Build Docker image | #12 1.510 Collecting flask==3.1.3 (from -r requirements.txt (line 1))
CI: Build bundle + Docker image | Build Docker image | #12 1.550   Downloading flask-3.1.3-py3-none-any.whl.metadata (3.2 kB)
CI: Build bundle + Docker image | Build Docker image | #12 1.564 Collecting gunicorn==26.2.0 (from -r requirements.txt (line 2))
CI: Build bundle + Docker image | Build Docker image | #12 1.568   Downloading gunicorn-26.2.0-py3-none-any.whl.metadata (5.5 kB)
CI: Build bundle + Docker image | Build Docker image | #12 1.578 Collecting blinker>=1.9.0 (from flask==3.1.3->-r requirements.txt (line 1))
CI: Build bundle + Docker image | Build Docker image | #12 1.582   Downloading blinker-1.9.0-py3-none-any.whl.metadata (1.6 kB)
CI: Build bundle + Docker image | Build Docker image | #12 1.595 Collecting click>=8.1.3 (from flask==3.1.3->-r requirements.txt (line 1))
CI: Build bundle + Docker image | Build Docker image | #12 1.599   Downloading click-8.5.0-py3-none-any.whl.metadata (2.6 kB)
CI: Build bundle + Docker image | Build Docker image | #12 1.607 Collecting itsdangerous>=2.2.0 (from flask==3.1.3->-r requirements.txt (line 1))
CI: Build bundle + Docker image | Build Docker image | #12 1.611   Downloading itsdangerous-2.2.0-py3-none-any.whl.metadata (1.9 kB)
CI: Build bundle + Docker image | Build Docker image | #12 1.621 Collecting jinja2>=3.1.2 (from flask==3.1.3->-r requirements.txt (line 1))
CI: Build bundle + Docker image | Build Docker image | #12 1.625   Downloading jinja2-3.1.6-py3-none-any.whl.metadata (2.9 kB)
CI: Build bundle + Docker image | Build Docker image | #12 1.676 Collecting markupsafe>=2.1.1 (from flask==3.1.3->-r requirements.txt (line 1))
CI: Build bundle + Docker image | Build Docker image | #12 1.680   Downloading markupsafe-3.0.4-cp313-cp313-manylinux2014_x86_64.manylinux_2_17_x86_64.manylinux_2_28_x86_64.whl.metadata (2.7 kB)
CI: Build bundle + Docker image | Build Docker image | #12 1.692 Collecting werkzeug>=3.1.0 (from flask==3.1.3->-r requirements.txt (line 1))
CI: Build bundle + Docker image | Build Docker image | #12 1.696   Downloading werkzeug-3.1.9-py3-none-any.whl.metadata (4.1 kB)
CI: Build bundle + Docker image | Build Docker image | #12 1.704 Downloading flask-3.1.3-py3-none-any.whl (103 kB)
CI: Build bundle + Docker image | Build Docker image | #12 1.710 Downloading gunicorn-26.2.0-py3-none-any.whl (228 kB)
CI: Build bundle + Docker image | Build Docker image | #12 1.715 Downloading blinker-1.9.0-py3-none-any.whl (8.5 kB)
CI: Build bundle + Docker image | Build Docker image | #12 1.719 Downloading click-8.5.0-py3-none-any.whl (125 kB)
CI: Build bundle + Docker image | Build Docker image | #12 1.723 Downloading itsdangerous-2.2.0-py3-none-any.whl (16 kB)
CI: Build bundle + Docker image | Build Docker image | #12 1.727 Downloading jinja2-3.1.6-py3-none-any.whl (134 kB)
CI: Build bundle + Docker image | Build Docker image | #12 1.734 Downloading markupsafe-3.0.4-cp313-cp313-manylinux2014_x86_64.manylinux_2_17_x86_64.manylinux_2_28_x86_64.whl (23 kB)
CI: Build bundle + Docker image | Build Docker image | #12 1.739 Downloading werkzeug-3.1.9-py3-none-any.whl (228 kB)
CI: Build bundle + Docker image | Build Docker image | #12 1.833 Installing collected packages: markupsafe, itsdangerous, gunicorn, click, blinker, werkzeug, jinja2, flask
CI: Build bundle + Docker image | Build Docker image | #12 2.340 
CI: Build bundle + Docker image | Build Docker image | #12 2.341 Successfully installed blinker-1.9.0 click-8.5.0 flask-3.1.3 gunicorn-26.2.0 itsdangerous-2.2.0 jinja2-3.1.6 markupsafe-3.0.4 werkzeug-3.1.9
CI: Build bundle + Docker image | Build Docker image | #12 2.342 WARNING: Running pip as the 'root' user can result in broken permissions and conflicting behaviour with the system package manager, possibly rendering your system unusable. It is recommended to use a virtual environment instead: https://pip.pypa.io/warnings/venv. Use the --root-user-action option if you know what you are doing and want to suppress this warning.
CI: Build bundle + Docker image | Build Docker image | #12 DONE 2.4s
CI: Build bundle + Docker image | Build Docker image | 
CI: Build bundle + Docker image | Build Docker image | #13 [stage-1 2/5] COPY --from=deps /install/pkgs /usr/local
CI: Build bundle + Docker image | Build Docker image | #13 DONE 0.1s
CI: Build bundle + Docker image | Build Docker image | 
CI: Build bundle + Docker image | Build Docker image | #14 [stage-1 3/5] WORKDIR /srv
CI: Build bundle + Docker image | Build Docker image | #14 DONE 0.0s
CI: Build bundle + Docker image | Build Docker image | 
CI: Build bundle + Docker image | Build Docker image | #15 [stage-1 4/5] COPY app/ app/
CI: Build bundle + Docker image | Build Docker image | #15 DONE 0.0s
CI: Build bundle + Docker image | Build Docker image | 
CI: Build bundle + Docker image | Build Docker image | #16 [stage-1 5/5] RUN useradd --uid 10001 --create-home appuser
CI: Build bundle + Docker image | Build Docker image | #16 DONE 0.1s
CI: Build bundle + Docker image | Build Docker image | 
CI: Build bundle + Docker image | Build Docker image | #17 exporting to image
CI: Build bundle + Docker image | Build Docker image | #17 exporting layers
CI: Build bundle + Docker image | Build Docker image | #17 exporting layers 0.6s done
CI: Build bundle + Docker image | Build Docker image | #17 writing image sha256:ecefd328710fdb542c88f6199a71461ff0738fa5348d4fe0f447667259b67585 done
CI: Build bundle + Docker image | Build Docker image | #17 naming to docker.io/library/s16-calculator:aad6094c7b9df37c04216f70746f4700b94e49bd done
CI: Build bundle + Docker image | Build Docker image | #17 DONE 0.7s
CI: Build bundle + Docker image | Build Docker image | REPOSITORY       TAG                                        IMAGE ID       CREATED        SIZE
CI: Build bundle + Docker image | Build Docker image | s16-calculator   aad6094c7b9df37c04216f70746f4700b94e49bd   ecefd328710f   1 second ago   125MB
CI: Build bundle + Docker image | Smoke-test the container | ##[group]Run docker run -d --name calc -p 8000:8000 s16-calculator:aad6094c7b9df37c04216f70746f4700b94e49bd
CI: Build bundle + Docker image | Smoke-test the container | docker run -d --name calc -p 8000:8000 s16-calculator:aad6094c7b9df37c04216f70746f4700b94e49bd
CI: Build bundle + Docker image | Smoke-test the container | for _ in $(seq 1 20); do curl -fsS localhost:8000/health && break; sleep 1; done
CI: Build bundle + Docker image | Smoke-test the container | echo; curl -fsS "localhost:8000/api/multiply?a=6&b=7"; echo
CI: Build bundle + Docker image | Smoke-test the container | docker logs calc
CI: Build bundle + Docker image | Smoke-test the container | docker rm -f calc
CI: Build bundle + Docker image | Smoke-test the container | shell: /usr/bin/bash --noprofile --norc -e -o pipefail {0}
CI: Build bundle + Docker image | Smoke-test the container | env:
CI: Build bundle + Docker image | Smoke-test the container |   APP_DIR: DevOps/16-github-actions
CI: Build bundle + Docker image | Smoke-test the container |   IMAGE_NAME: ghcr.io/astro-dude/devops-assignments/s16-calculator
CI: Build bundle + Docker image | Smoke-test the container |   pythonLocation: /opt/hostedtoolcache/Python/3.13.16/x64
CI: Build bundle + Docker image | Smoke-test the container |   PKG_CONFIG_PATH: /opt/hostedtoolcache/Python/3.13.16/x64/lib/pkgconfig
CI: Build bundle + Docker image | Smoke-test the container |   Python_ROOT_DIR: /opt/hostedtoolcache/Python/3.13.16/x64
CI: Build bundle + Docker image | Smoke-test the container |   Python2_ROOT_DIR: /opt/hostedtoolcache/Python/3.13.16/x64
CI: Build bundle + Docker image | Smoke-test the container |   Python3_ROOT_DIR: /opt/hostedtoolcache/Python/3.13.16/x64
CI: Build bundle + Docker image | Smoke-test the container |   LD_LIBRARY_PATH: /opt/hostedtoolcache/Python/3.13.16/x64/lib
CI: Build bundle + Docker image | Smoke-test the container | ##[endgroup]
CI: Build bundle + Docker image | Smoke-test the container | a7ce63219e80ad224b321ae60af5e5e2fad6891804d9f835b5a8e006e3504ee0
CI: Build bundle + Docker image | Smoke-test the container | curl: (56) Recv failure: Connection reset by peer
CI: Build bundle + Docker image | Smoke-test the container | {"status":"ok"}
CI: Build bundle + Docker image | Smoke-test the container | 
CI: Build bundle + Docker image | Smoke-test the container | {"a":6.0,"b":7.0,"operation":"multiply","result":42.0}
CI: Build bundle + Docker image | Smoke-test the container | 
CI: Build bundle + Docker image | Smoke-test the container | [2026-10-07 13:17:58 +0000] [1] [INFO] Starting gunicorn 26.2.0
CI: Build bundle + Docker image | Smoke-test the container | [2026-10-07 13:17:58 +0000] [1] [INFO] Listening at: http://0.0.0.0:8000 (1)
CI: Build bundle + Docker image | Smoke-test the container | [2026-10-07 13:17:58 +0000] [1] [INFO] Using worker: sync
CI: Build bundle + Docker image | Smoke-test the container | [2026-10-07 13:17:58 +0000] [7] [INFO] Booting worker with pid: 7
CI: Build bundle + Docker image | Smoke-test the container | [2026-10-07 13:17:58 +0000] [8] [INFO] Booting worker with pid: 8
CI: Build bundle + Docker image | Smoke-test the container | [2026-10-07 13:17:58 +0000] [1] [INFO] Control socket listening at /home/appuser/.gunicorn/gunicorn.ctl
CI: Build bundle + Docker image | Smoke-test the container | 172.17.0.1 - - [07/Oct/2026:13:17:59 +0000] "GET /health HTTP/1.1" 200 16 "-" "curl/8.5.0"
CI: Build bundle + Docker image | Smoke-test the container | 172.17.0.1 - - [07/Oct/2026:13:17:59 +0000] "GET /api/multiply?a=6&b=7 HTTP/1.1" 200 55 "-" "curl/8.5.0"
CI: Build bundle + Docker image | Smoke-test the container | calc
CI: Build bundle + Docker image | Save image as artifact | ##[group]Run docker save s16-calculator:aad6094c7b9df37c04216f70746f4700b94e49bd | gzip > s16-calculator-image.tar.gz && ls -lh s16-calculator-image.tar.gz
CI: Build bundle + Docker image | Save image as artifact | docker save s16-calculator:aad6094c7b9df37c04216f70746f4700b94e49bd | gzip > s16-calculator-image.tar.gz && ls -lh s16-calculator-image.tar.gz
CI: Build bundle + Docker image | Save image as artifact | shell: /usr/bin/bash --noprofile --norc -e -o pipefail {0}
CI: Build bundle + Docker image | Save image as artifact | env:
CI: Build bundle + Docker image | Save image as artifact |   APP_DIR: DevOps/16-github-actions
CI: Build bundle + Docker image | Save image as artifact |   IMAGE_NAME: ghcr.io/astro-dude/devops-assignments/s16-calculator
CI: Build bundle + Docker image | Save image as artifact |   pythonLocation: /opt/hostedtoolcache/Python/3.13.16/x64
CI: Build bundle + Docker image | Save image as artifact |   PKG_CONFIG_PATH: /opt/hostedtoolcache/Python/3.13.16/x64/lib/pkgconfig
CI: Build bundle + Docker image | Save image as artifact |   Python_ROOT_DIR: /opt/hostedtoolcache/Python/3.13.16/x64
CI: Build bundle + Docker image | Save image as artifact |   Python2_ROOT_DIR: /opt/hostedtoolcache/Python/3.13.16/x64
CI: Build bundle + Docker image | Save image as artifact |   Python3_ROOT_DIR: /opt/hostedtoolcache/Python/3.13.16/x64
CI: Build bundle + Docker image | Save image as artifact |   LD_LIBRARY_PATH: /opt/hostedtoolcache/Python/3.13.16/x64/lib
CI: Build bundle + Docker image | Save image as artifact | ##[endgroup]
CI: Build bundle + Docker image | Save image as artifact | -rw-r--r-- 1 runner runner 44M Oct  7 13:18 s16-calculator-image.tar.gz
CI: Build bundle + Docker image | Upload Docker image artifact | ##[group]Run actions/upload-artifact@v7
CI: Build bundle + Docker image | Upload Docker image artifact | with:
CI: Build bundle + Docker image | Upload Docker image artifact |   name: docker-image
CI: Build bundle + Docker image | Upload Docker image artifact |   path: DevOps/16-github-actions/s16-calculator-image.tar.gz
CI: Build bundle + Docker image | Upload Docker image artifact |   retention-days: 3
CI: Build bundle + Docker image | Upload Docker image artifact |   if-no-files-found: warn
CI: Build bundle + Docker image | Upload Docker image artifact |   compression-level: 6
CI: Build bundle + Docker image | Upload Docker image artifact |   overwrite: false
CI: Build bundle + Docker image | Upload Docker image artifact |   include-hidden-files: false
CI: Build bundle + Docker image | Upload Docker image artifact |   archive: true
CI: Build bundle + Docker image | Upload Docker image artifact | env:
CI: Build bundle + Docker image | Upload Docker image artifact |   APP_DIR: DevOps/16-github-actions
CI: Build bundle + Docker image | Upload Docker image artifact |   IMAGE_NAME: ghcr.io/astro-dude/devops-assignments/s16-calculator
CI: Build bundle + Docker image | Upload Docker image artifact |   pythonLocation: /opt/hostedtoolcache/Python/3.13.16/x64
CI: Build bundle + Docker image | Upload Docker image artifact |   PKG_CONFIG_PATH: /opt/hostedtoolcache/Python/3.13.16/x64/lib/pkgconfig
CI: Build bundle + Docker image | Upload Docker image artifact |   Python_ROOT_DIR: /opt/hostedtoolcache/Python/3.13.16/x64
CI: Build bundle + Docker image | Upload Docker image artifact |   Python2_ROOT_DIR: /opt/hostedtoolcache/Python/3.13.16/x64
CI: Build bundle + Docker image | Upload Docker image artifact |   Python3_ROOT_DIR: /opt/hostedtoolcache/Python/3.13.16/x64
CI: Build bundle + Docker image | Upload Docker image artifact |   LD_LIBRARY_PATH: /opt/hostedtoolcache/Python/3.13.16/x64/lib
CI: Build bundle + Docker image | Upload Docker image artifact | ##[endgroup]
CI: Build bundle + Docker image | Upload Docker image artifact | With the provided path, there will be 1 file uploaded
CI: Build bundle + Docker image | Upload Docker image artifact | Artifact name is valid!
CI: Build bundle + Docker image | Upload Docker image artifact | Root directory input is valid!
CI: Build bundle + Docker image | Upload Docker image artifact | Uploading artifact: docker-image.zip
CI: Build bundle + Docker image | Upload Docker image artifact | Beginning upload of artifact content to blob storage
CI: Build bundle + Docker image | Upload Docker image artifact | Uploaded bytes 8388608
CI: Build bundle + Docker image | Upload Docker image artifact | Uploaded bytes 16777216
CI: Build bundle + Docker image | Upload Docker image artifact | Uploaded bytes 25165824
CI: Build bundle + Docker image | Upload Docker image artifact | Uploaded bytes 33554432
CI: Build bundle + Docker image | Upload Docker image artifact | Uploaded bytes 41943040
CI: Build bundle + Docker image | Upload Docker image artifact | Uploaded bytes 45007469
CI: Build bundle + Docker image | Upload Docker image artifact | Finished uploading artifact content to blob storage!
CI: Build bundle + Docker image | Upload Docker image artifact | SHA256 digest of uploaded artifact is 93529423f641b323a1d4f5c1d9cb0c91a4aa7fc5133636a58e9525b97271da08
CI: Build bundle + Docker image | Upload Docker image artifact | Finalizing artifact upload
CI: Build bundle + Docker image | Upload Docker image artifact | Artifact docker-image successfully finalized. Artifact ID 11483899901
CI: Build bundle + Docker image | Upload Docker image artifact | Artifact docker-image has been successfully uploaded! Final size is 45007469 bytes. Artifact ID is 11483899901
CI: Build bundle + Docker image | Upload Docker image artifact | Artifact download URL: https://github.com/Astro-Dude/devops-assignments/actions/runs/37627185543/artifacts/11483899901
CI: Build bundle + Docker image | Post Setup Python | Post job cleanup.
CI: Build bundle + Docker image | Post Checkout source code | Post job cleanup.
CI: Build bundle + Docker image | Post Checkout source code | [command]/usr/bin/git version
CI: Build bundle + Docker image | Post Checkout source code | git version 2.55.0
CI: Build bundle + Docker image | Post Checkout source code | Temporarily overriding HOME='/home/runner/work/_temp/82e199b3-7ce3-4a5f-a493-8753b9a04cdc' before making global git config changes
CI: Build bundle + Docker image | Post Checkout source code | Adding repository directory to the temporary git global config as a safe directory
CI: Build bundle + Docker image | Post Checkout source code | [command]/usr/bin/git config --global --add safe.directory /home/runner/work/devops-assignments/devops-assignments
CI: Build bundle + Docker image | Post Checkout source code | Removing SSH command configuration
CI: Build bundle + Docker image | Post Checkout source code | [command]/usr/bin/git config --local --name-only --get-regexp core\.sshCommand
CI: Build bundle + Docker image | Post Checkout source code | [command]/usr/bin/git submodule foreach --recursive sh -c "git config --local --name-only --get-regexp 'core\.sshCommand' && git config --local --unset-all 'core.sshCommand' || :"
CI: Build bundle + Docker image | Post Checkout source code | Removing HTTP extra header
CI: Build bundle + Docker image | Post Checkout source code | [command]/usr/bin/git config --local --name-only --get-regexp http\.https\:\/\/github\.com\/\.extraheader
CI: Build bundle + Docker image | Post Checkout source code | [command]/usr/bin/git submodule foreach --recursive sh -c "git config --local --name-only --get-regexp 'http\.https\:\/\/github\.com\/\.extraheader' && git config --local --unset-all 'http.https://github.com/.extraheader' || :"
CI: Build bundle + Docker image | Post Checkout source code | Removing includeIf entries pointing to credentials config files
CI: Build bundle + Docker image | Post Checkout source code | [command]/usr/bin/git config --local --name-only --get-regexp ^includeIf\.gitdir:
CI: Build bundle + Docker image | Post Checkout source code | includeif.gitdir:/home/runner/work/devops-assignments/devops-assignments/.git.path
CI: Build bundle + Docker image | Post Checkout source code | includeif.gitdir:/home/runner/work/devops-assignments/devops-assignments/.git/worktrees/*.path
CI: Build bundle + Docker image | Post Checkout source code | includeif.gitdir:/github/workspace/.git.path
CI: Build bundle + Docker image | Post Checkout source code | includeif.gitdir:/github/workspace/.git/worktrees/*.path
CI: Build bundle + Docker image | Post Checkout source code | [command]/usr/bin/git config --local --get-all includeif.gitdir:/home/runner/work/devops-assignments/devops-assignments/.git.path
CI: Build bundle + Docker image | Post Checkout source code | /home/runner/work/_temp/git-credentials-cf655905-703e-4dbc-96c9-88f1462fb642.config
CI: Build bundle + Docker image | Post Checkout source code | [command]/usr/bin/git config --local --unset includeif.gitdir:/home/runner/work/devops-assignments/devops-assignments/.git.path \/home\/runner\/work\/_temp\/git\-credentials\-cf655905\-703e\-4dbc\-96c9\-88f1462fb642\.config
CI: Build bundle + Docker image | Post Checkout source code | [command]/usr/bin/git config --local --get-all includeif.gitdir:/home/runner/work/devops-assignments/devops-assignments/.git/worktrees/*.path
CI: Build bundle + Docker image | Post Checkout source code | /home/runner/work/_temp/git-credentials-cf655905-703e-4dbc-96c9-88f1462fb642.config
CI: Build bundle + Docker image | Post Checkout source code | [command]/usr/bin/git config --local --unset includeif.gitdir:/home/runner/work/devops-assignments/devops-assignments/.git/worktrees/*.path \/home\/runner\/work\/_temp\/git\-credentials\-cf655905\-703e\-4dbc\-96c9\-88f1462fb642\.config
CI: Build bundle + Docker image | Post Checkout source code | [command]/usr/bin/git config --local --get-all includeif.gitdir:/github/workspace/.git.path
CI: Build bundle + Docker image | Post Checkout source code | /github/runner_temp/git-credentials-cf655905-703e-4dbc-96c9-88f1462fb642.config
CI: Build bundle + Docker image | Post Checkout source code | [command]/usr/bin/git config --local --unset includeif.gitdir:/github/workspace/.git.path \/github\/runner_temp\/git\-credentials\-cf655905\-703e\-4dbc\-96c9\-88f1462fb642\.config
CI: Build bundle + Docker image | Post Checkout source code | [command]/usr/bin/git config --local --get-all includeif.gitdir:/github/workspace/.git/worktrees/*.path
CI: Build bundle + Docker image | Post Checkout source code | /github/runner_temp/git-credentials-cf655905-703e-4dbc-96c9-88f1462fb642.config
CI: Build bundle + Docker image | Post Checkout source code | [command]/usr/bin/git config --local --unset includeif.gitdir:/github/workspace/.git/worktrees/*.path \/github\/runner_temp\/git\-credentials\-cf655905\-703e\-4dbc\-96c9\-88f1462fb642\.config
CI: Build bundle + Docker image | Post Checkout source code | [command]/usr/bin/git submodule foreach --recursive git config --local --show-origin --name-only --get-regexp remote.origin.url
CI: Build bundle + Docker image | Post Checkout source code | Removing credentials config '/home/runner/work/_temp/git-credentials-cf655905-703e-4dbc-96c9-88f1462fb642.config'
CI: Build bundle + Docker image | Complete job | Cleaning up orphan processes
CD: Publish image to GHCR | Set up job | Current runner version: '2.337.0'
CD: Publish image to GHCR | Set up job | ##[group]Runner Image Provisioner
CD: Publish image to GHCR | Set up job | Hosted Compute Agent
CD: Publish image to GHCR | Set up job | Version: 20260901.588
CD: Publish image to GHCR | Set up job | Commit: f88ec8081b781fac6c440065ac7ff9e710ce3d0b
CD: Publish image to GHCR | Set up job | Build Date: 2026-09-01T19:56:44Z
CD: Publish image to GHCR | Set up job | Worker ID: {58c142b2-639f-42f1-86d1-5acb45daf7bc}
CD: Publish image to GHCR | Set up job | Azure Region: eastus
CD: Publish image to GHCR | Set up job | ##[endgroup]
CD: Publish image to GHCR | Set up job | ##[group]Operating System
CD: Publish image to GHCR | Set up job | Ubuntu
CD: Publish image to GHCR | Set up job | 24.04.5
CD: Publish image to GHCR | Set up job | LTS
CD: Publish image to GHCR | Set up job | ##[endgroup]
CD: Publish image to GHCR | Set up job | ##[group]Runner Image
CD: Publish image to GHCR | Set up job | Image: ubuntu-24.04
CD: Publish image to GHCR | Set up job | Version: 20260927.320.1
CD: Publish image to GHCR | Set up job | Included Software: https://github.com/actions/runner-images/blob/ubuntu24/20260927.320/images/ubuntu/Ubuntu2404-Readme.md
CD: Publish image to GHCR | Set up job | Image Release: https://github.com/actions/runner-images/releases/tag/ubuntu24%2F20260927.320
CD: Publish image to GHCR | Set up job | ##[endgroup]
CD: Publish image to GHCR | Set up job | ##[group]GITHUB_TOKEN Permissions
CD: Publish image to GHCR | Set up job | Contents: read
CD: Publish image to GHCR | Set up job | Metadata: read
CD: Publish image to GHCR | Set up job | Packages: write
CD: Publish image to GHCR | Set up job | ##[endgroup]
CD: Publish image to GHCR | Set up job | Secret source: Actions
CD: Publish image to GHCR | Set up job | Cache mode: write
CD: Publish image to GHCR | Set up job | Prepare workflow directory
CD: Publish image to GHCR | Set up job | Prepare all required actions
CD: Publish image to GHCR | Set up job | Getting action download info
CD: Publish image to GHCR | Set up job | Download action repository 'actions/download-artifact@v8' (SHA:9000827ccba6bdab643e8b6fd33ac0654aef8333)
CD: Publish image to GHCR | Set up job | Download action repository 'docker/login-action@v4' (SHA:dbcb813823bdd20940b903addbd779551569679f)
CD: Publish image to GHCR | Set up job | Complete job name: CD: Publish image to GHCR
CD: Publish image to GHCR | Download Docker image artifact (built once in CI) | ##[group]Run actions/download-artifact@v8
CD: Publish image to GHCR | Download Docker image artifact (built once in CI) | with:
CD: Publish image to GHCR | Download Docker image artifact (built once in CI) |   name: docker-image
CD: Publish image to GHCR | Download Docker image artifact (built once in CI) |   merge-multiple: false
CD: Publish image to GHCR | Download Docker image artifact (built once in CI) |   repository: Astro-Dude/devops-assignments
CD: Publish image to GHCR | Download Docker image artifact (built once in CI) |   run-id: 37627185543
CD: Publish image to GHCR | Download Docker image artifact (built once in CI) |   skip-decompress: false
CD: Publish image to GHCR | Download Docker image artifact (built once in CI) |   digest-mismatch: error
CD: Publish image to GHCR | Download Docker image artifact (built once in CI) | env:
CD: Publish image to GHCR | Download Docker image artifact (built once in CI) |   APP_DIR: DevOps/16-github-actions
CD: Publish image to GHCR | Download Docker image artifact (built once in CI) |   IMAGE_NAME: ghcr.io/astro-dude/devops-assignments/s16-calculator
CD: Publish image to GHCR | Download Docker image artifact (built once in CI) | ##[endgroup]
CD: Publish image to GHCR | Download Docker image artifact (built once in CI) | Downloading single artifact
CD: Publish image to GHCR | Download Docker image artifact (built once in CI) | Preparing to download the following artifacts:
CD: Publish image to GHCR | Download Docker image artifact (built once in CI) | - docker-image (ID: 11483899901, Size: 45007469, Expected Digest: sha256:93529423f641b323a1d4f5c1d9cb0c91a4aa7fc5133636a58e9525b97271da08)
CD: Publish image to GHCR | Download Docker image artifact (built once in CI) | Redirecting to blob download url: https://productionresultssa12.blob.core.windows.net/actions-results/adcc21ae-aa90-8a3b-80d1-bab30f464886/workflow-job-run-a82b2315-448b-5e58-a82e-af27ea048128/artifacts/d00d9db8955031cc609b4ecce7ceac843ed503a5f4fa84e72344ea36548494c6.zip
CD: Publish image to GHCR | Download Docker image artifact (built once in CI) | Starting download of artifact to: /home/runner/work/devops-assignments/devops-assignments
CD: Publish image to GHCR | Download Docker image artifact (built once in CI) | (node:2181) [DEP0005] DeprecationWarning: Buffer() is deprecated due to security and usability issues. Please use the Buffer.alloc(), Buffer.allocUnsafe(), or Buffer.from() methods instead.
CD: Publish image to GHCR | Download Docker image artifact (built once in CI) | (Use `node --trace-deprecation ...` to show where the warning was created)
CD: Publish image to GHCR | Download Docker image artifact (built once in CI) | SHA256 digest of downloaded artifact is 93529423f641b323a1d4f5c1d9cb0c91a4aa7fc5133636a58e9525b97271da08
CD: Publish image to GHCR | Download Docker image artifact (built once in CI) | Artifact download completed successfully.
CD: Publish image to GHCR | Download Docker image artifact (built once in CI) | Total of 1 artifact(s) downloaded
CD: Publish image to GHCR | Download Docker image artifact (built once in CI) | Download artifact has finished successfully
CD: Publish image to GHCR | Load image | ##[group]Run gunzip -c s16-calculator-image.tar.gz | docker load
CD: Publish image to GHCR | Load image | gunzip -c s16-calculator-image.tar.gz | docker load
CD: Publish image to GHCR | Load image | shell: /usr/bin/bash -e {0}
CD: Publish image to GHCR | Load image | env:
CD: Publish image to GHCR | Load image |   APP_DIR: DevOps/16-github-actions
CD: Publish image to GHCR | Load image |   IMAGE_NAME: ghcr.io/astro-dude/devops-assignments/s16-calculator
CD: Publish image to GHCR | Load image | ##[endgroup]
CD: Publish image to GHCR | Load image | Loaded image: s16-calculator:aad6094c7b9df37c04216f70746f4700b94e49bd
CD: Publish image to GHCR | Log in to GitHub Container Registry | ##[group]Run docker/login-action@v4
CD: Publish image to GHCR | Log in to GitHub Container Registry | with:
CD: Publish image to GHCR | Log in to GitHub Container Registry |   registry: ghcr.io
CD: Publish image to GHCR | Log in to GitHub Container Registry |   username: Astro-Dude
CD: Publish image to GHCR | Log in to GitHub Container Registry |   password: ***
CD: Publish image to GHCR | Log in to GitHub Container Registry |   logout: true
CD: Publish image to GHCR | Log in to GitHub Container Registry | env:
CD: Publish image to GHCR | Log in to GitHub Container Registry |   APP_DIR: DevOps/16-github-actions
CD: Publish image to GHCR | Log in to GitHub Container Registry |   IMAGE_NAME: ghcr.io/astro-dude/devops-assignments/s16-calculator
CD: Publish image to GHCR | Log in to GitHub Container Registry | ##[endgroup]
CD: Publish image to GHCR | Log in to GitHub Container Registry | Logging into ghcr.io...
CD: Publish image to GHCR | Log in to GitHub Container Registry | Login Succeeded!
CD: Publish image to GHCR | Tag and push | ##[group]Run docker tag s16-calculator:aad6094c7b9df37c04216f70746f4700b94e49bd "$IMAGE_NAME":aad6094c7b9df37c04216f70746f4700b94e49bd
CD: Publish image to GHCR | Tag and push | docker tag s16-calculator:aad6094c7b9df37c04216f70746f4700b94e49bd "$IMAGE_NAME":aad6094c7b9df37c04216f70746f4700b94e49bd
CD: Publish image to GHCR | Tag and push | docker tag s16-calculator:aad6094c7b9df37c04216f70746f4700b94e49bd "$IMAGE_NAME":latest
CD: Publish image to GHCR | Tag and push | docker push "$IMAGE_NAME":aad6094c7b9df37c04216f70746f4700b94e49bd
CD: Publish image to GHCR | Tag and push | docker push "$IMAGE_NAME":latest
CD: Publish image to GHCR | Tag and push | echo "image=${IMAGE_NAME}:aad6094c7b9df37c04216f70746f4700b94e49bd" >> "$GITHUB_OUTPUT"
CD: Publish image to GHCR | Tag and push | echo "Pushed \`$IMAGE_NAME:aad6094c7b9df37c04216f70746f4700b94e49bd\`" >> "$GITHUB_STEP_SUMMARY"
CD: Publish image to GHCR | Tag and push | shell: /usr/bin/bash -e {0}
CD: Publish image to GHCR | Tag and push | env:
CD: Publish image to GHCR | Tag and push |   APP_DIR: DevOps/16-github-actions
CD: Publish image to GHCR | Tag and push |   IMAGE_NAME: ghcr.io/astro-dude/devops-assignments/s16-calculator
CD: Publish image to GHCR | Tag and push | ##[endgroup]
CD: Publish image to GHCR | Tag and push | The push refers to repository [ghcr.io/astro-dude/devops-assignments/s16-calculator]
CD: Publish image to GHCR | Tag and push | f3b10cd19a9b: Preparing
CD: Publish image to GHCR | Tag and push | cb229a88884a: Preparing
CD: Publish image to GHCR | Tag and push | 5f70bf18a086: Preparing
CD: Publish image to GHCR | Tag and push | 2d37617960a4: Preparing
CD: Publish image to GHCR | Tag and push | d175833b7147: Preparing
CD: Publish image to GHCR | Tag and push | acbf34fa608c: Preparing
CD: Publish image to GHCR | Tag and push | 285510654d1d: Preparing
CD: Publish image to GHCR | Tag and push | 15f1c8eb1ab1: Preparing
CD: Publish image to GHCR | Tag and push | acbf34fa608c: Waiting
CD: Publish image to GHCR | Tag and push | 285510654d1d: Waiting
CD: Publish image to GHCR | Tag and push | 15f1c8eb1ab1: Waiting
CD: Publish image to GHCR | Tag and push | 5f70bf18a086: Layer already exists
CD: Publish image to GHCR | Tag and push | d175833b7147: Pushed
CD: Publish image to GHCR | Tag and push | f3b10cd19a9b: Pushed
CD: Publish image to GHCR | Tag and push | cb229a88884a: Pushed
CD: Publish image to GHCR | Tag and push | 285510654d1d: Pushed
CD: Publish image to GHCR | Tag and push | 2d37617960a4: Pushed
CD: Publish image to GHCR | Tag and push | acbf34fa608c: Pushed
CD: Publish image to GHCR | Tag and push | 15f1c8eb1ab1: Pushed
CD: Publish image to GHCR | Tag and push | aad6094c7b9df37c04216f70746f4700b94e49bd: digest: sha256:eed72bd1dace6f29e5221a8c71b4952d018cd81860670cd3d189c40627ce8347 size: 1992
CD: Publish image to GHCR | Tag and push | The push refers to repository [ghcr.io/astro-dude/devops-assignments/s16-calculator]
CD: Publish image to GHCR | Tag and push | f3b10cd19a9b: Preparing
CD: Publish image to GHCR | Tag and push | cb229a88884a: Preparing
CD: Publish image to GHCR | Tag and push | 5f70bf18a086: Preparing
CD: Publish image to GHCR | Tag and push | 2d37617960a4: Preparing
CD: Publish image to GHCR | Tag and push | d175833b7147: Preparing
CD: Publish image to GHCR | Tag and push | acbf34fa608c: Preparing
CD: Publish image to GHCR | Tag and push | 285510654d1d: Preparing
CD: Publish image to GHCR | Tag and push | 15f1c8eb1ab1: Preparing
CD: Publish image to GHCR | Tag and push | acbf34fa608c: Waiting
CD: Publish image to GHCR | Tag and push | 285510654d1d: Waiting
CD: Publish image to GHCR | Tag and push | 15f1c8eb1ab1: Waiting
CD: Publish image to GHCR | Tag and push | 2d37617960a4: Layer already exists
CD: Publish image to GHCR | Tag and push | d175833b7147: Layer already exists
CD: Publish image to GHCR | Tag and push | cb229a88884a: Layer already exists
CD: Publish image to GHCR | Tag and push | 5f70bf18a086: Layer already exists
CD: Publish image to GHCR | Tag and push | f3b10cd19a9b: Layer already exists
CD: Publish image to GHCR | Tag and push | acbf34fa608c: Layer already exists
CD: Publish image to GHCR | Tag and push | 285510654d1d: Layer already exists
CD: Publish image to GHCR | Tag and push | 15f1c8eb1ab1: Layer already exists
CD: Publish image to GHCR | Tag and push | latest: digest: sha256:eed72bd1dace6f29e5221a8c71b4952d018cd81860670cd3d189c40627ce8347 size: 1992
CD: Publish image to GHCR | Post Log in to GitHub Container Registry | Post job cleanup.
CD: Publish image to GHCR | Post Log in to GitHub Container Registry | ##[group]Logout from ghcr.io
CD: Publish image to GHCR | Post Log in to GitHub Container Registry | [command]/usr/bin/docker logout ghcr.io
CD: Publish image to GHCR | Post Log in to GitHub Container Registry | Removing login credentials for ghcr.io
CD: Publish image to GHCR | Post Log in to GitHub Container Registry | ##[endgroup]
CD: Publish image to GHCR | Post Log in to GitHub Container Registry | ##[group]Post cache
CD: Publish image to GHCR | Post Log in to GitHub Container Registry | State not set
CD: Publish image to GHCR | Post Log in to GitHub Container Registry | ##[endgroup]
CD: Publish image to GHCR | Complete job | Evaluate and set job outputs
CD: Publish image to GHCR | Complete job | Set output 'image'
CD: Publish image to GHCR | Complete job | Cleaning up orphan processes
CD: Deploy to kind + smoke test | Set up job | Current runner version: '2.337.0'
CD: Deploy to kind + smoke test | Set up job | ##[group]Runner Image Provisioner
CD: Deploy to kind + smoke test | Set up job | Hosted Compute Agent
CD: Deploy to kind + smoke test | Set up job | Version: 20260901.588
CD: Deploy to kind + smoke test | Set up job | Commit: f88ec8081b781fac6c440065ac7ff9e710ce3d0b
CD: Deploy to kind + smoke test | Set up job | Build Date: 2026-09-01T19:56:44Z
CD: Deploy to kind + smoke test | Set up job | Worker ID: {e8392b6f-7169-43e9-9377-26a06b530a98}
CD: Deploy to kind + smoke test | Set up job | Azure Region: eastus
CD: Deploy to kind + smoke test | Set up job | ##[endgroup]
CD: Deploy to kind + smoke test | Set up job | ##[group]Operating System
CD: Deploy to kind + smoke test | Set up job | Ubuntu
CD: Deploy to kind + smoke test | Set up job | 24.04.5
CD: Deploy to kind + smoke test | Set up job | LTS
CD: Deploy to kind + smoke test | Set up job | ##[endgroup]
CD: Deploy to kind + smoke test | Set up job | ##[group]Runner Image
CD: Deploy to kind + smoke test | Set up job | Image: ubuntu-24.04
CD: Deploy to kind + smoke test | Set up job | Version: 20260927.320.1
CD: Deploy to kind + smoke test | Set up job | Included Software: https://github.com/actions/runner-images/blob/ubuntu24/20260927.320/images/ubuntu/Ubuntu2404-Readme.md
CD: Deploy to kind + smoke test | Set up job | Image Release: https://github.com/actions/runner-images/releases/tag/ubuntu24%2F20260927.320
CD: Deploy to kind + smoke test | Set up job | ##[endgroup]
CD: Deploy to kind + smoke test | Set up job | ##[group]GITHUB_TOKEN Permissions
CD: Deploy to kind + smoke test | Set up job | Contents: read
CD: Deploy to kind + smoke test | Set up job | Metadata: read
CD: Deploy to kind + smoke test | Set up job | Packages: read
CD: Deploy to kind + smoke test | Set up job | ##[endgroup]
CD: Deploy to kind + smoke test | Set up job | Secret source: Actions
CD: Deploy to kind + smoke test | Set up job | Cache mode: write
CD: Deploy to kind + smoke test | Set up job | Prepare workflow directory
CD: Deploy to kind + smoke test | Set up job | Prepare all required actions
CD: Deploy to kind + smoke test | Set up job | Getting action download info
CD: Deploy to kind + smoke test | Set up job | Download action repository 'actions/checkout@v7' (SHA:3d3c42e5aac5ba805825da76410c181273ba90b1)
CD: Deploy to kind + smoke test | Set up job | Download action repository 'actions/download-artifact@v8' (SHA:9000827ccba6bdab643e8b6fd33ac0654aef8333)
CD: Deploy to kind + smoke test | Set up job | Download action repository 'helm/kind-action@v1.15.1' (SHA:1544676c07bb3570fcb70166beaa07c4528fd4aa)
CD: Deploy to kind + smoke test | Set up job | Complete job name: CD: Deploy to kind + smoke test
CD: Deploy to kind + smoke test | Checkout manifests | ##[group]Run actions/checkout@v7
CD: Deploy to kind + smoke test | Checkout manifests | with:
CD: Deploy to kind + smoke test | Checkout manifests |   repository: Astro-Dude/devops-assignments
CD: Deploy to kind + smoke test | Checkout manifests |   token: ***
CD: Deploy to kind + smoke test | Checkout manifests |   ssh-strict: true
CD: Deploy to kind + smoke test | Checkout manifests |   ssh-user: git
CD: Deploy to kind + smoke test | Checkout manifests |   persist-credentials: true
CD: Deploy to kind + smoke test | Checkout manifests |   clean: true
CD: Deploy to kind + smoke test | Checkout manifests |   sparse-checkout-cone-mode: true
CD: Deploy to kind + smoke test | Checkout manifests |   fetch-depth: 1
CD: Deploy to kind + smoke test | Checkout manifests |   fetch-tags: false
CD: Deploy to kind + smoke test | Checkout manifests |   show-progress: true
CD: Deploy to kind + smoke test | Checkout manifests |   lfs: false
CD: Deploy to kind + smoke test | Checkout manifests |   submodules: false
CD: Deploy to kind + smoke test | Checkout manifests |   set-safe-directory: true
CD: Deploy to kind + smoke test | Checkout manifests |   allow-unsafe-pr-checkout: false
CD: Deploy to kind + smoke test | Checkout manifests | env:
CD: Deploy to kind + smoke test | Checkout manifests |   APP_DIR: DevOps/16-github-actions
CD: Deploy to kind + smoke test | Checkout manifests |   IMAGE_NAME: ghcr.io/astro-dude/devops-assignments/s16-calculator
CD: Deploy to kind + smoke test | Checkout manifests | ##[endgroup]
CD: Deploy to kind + smoke test | Checkout manifests | Syncing repository: Astro-Dude/devops-assignments
CD: Deploy to kind + smoke test | Checkout manifests | ##[group]Getting Git version info
CD: Deploy to kind + smoke test | Checkout manifests | Working directory is '/home/runner/work/devops-assignments/devops-assignments'
CD: Deploy to kind + smoke test | Checkout manifests | [command]/usr/bin/git version
CD: Deploy to kind + smoke test | Checkout manifests | git version 2.55.0
CD: Deploy to kind + smoke test | Checkout manifests | ##[endgroup]
CD: Deploy to kind + smoke test | Checkout manifests | Temporarily overriding HOME='/home/runner/work/_temp/166d6e9a-fd71-4a2f-9920-1bac95e3475a' before making global git config changes
CD: Deploy to kind + smoke test | Checkout manifests | Adding repository directory to the temporary git global config as a safe directory
CD: Deploy to kind + smoke test | Checkout manifests | [command]/usr/bin/git config --global --add safe.directory /home/runner/work/devops-assignments/devops-assignments
CD: Deploy to kind + smoke test | Checkout manifests | Deleting the contents of '/home/runner/work/devops-assignments/devops-assignments'
CD: Deploy to kind + smoke test | Checkout manifests | ##[group]Determining repository object format
CD: Deploy to kind + smoke test | Checkout manifests | ##[endgroup]
CD: Deploy to kind + smoke test | Checkout manifests | ##[group]Initializing the repository
CD: Deploy to kind + smoke test | Checkout manifests | [command]/usr/bin/git init /home/runner/work/devops-assignments/devops-assignments
CD: Deploy to kind + smoke test | Checkout manifests | hint: Using 'master' as the name for the initial branch. This default branch name
CD: Deploy to kind + smoke test | Checkout manifests | hint: will change to "main" in Git 3.0. To configure the initial branch name
CD: Deploy to kind + smoke test | Checkout manifests | hint: to use in all of your new repositories, which will suppress this warning,
CD: Deploy to kind + smoke test | Checkout manifests | hint: call:
CD: Deploy to kind + smoke test | Checkout manifests | hint:
CD: Deploy to kind + smoke test | Checkout manifests | hint: 	git config --global init.defaultBranch <name>
CD: Deploy to kind + smoke test | Checkout manifests | hint:
CD: Deploy to kind + smoke test | Checkout manifests | hint: Names commonly chosen instead of 'master' are 'main', 'trunk' and
CD: Deploy to kind + smoke test | Checkout manifests | hint: 'development'. The just-created branch can be renamed via this command:
CD: Deploy to kind + smoke test | Checkout manifests | hint:
CD: Deploy to kind + smoke test | Checkout manifests | hint: 	git branch -m <name>
CD: Deploy to kind + smoke test | Checkout manifests | hint:
CD: Deploy to kind + smoke test | Checkout manifests | hint: Disable this message with "git config set advice.defaultBranchName false"
CD: Deploy to kind + smoke test | Checkout manifests | Initialized empty Git repository in /home/runner/work/devops-assignments/devops-assignments/.git/
CD: Deploy to kind + smoke test | Checkout manifests | [command]/usr/bin/git remote add origin https://github.com/Astro-Dude/devops-assignments
CD: Deploy to kind + smoke test | Checkout manifests | ##[endgroup]
CD: Deploy to kind + smoke test | Checkout manifests | ##[group]Disabling automatic garbage collection
CD: Deploy to kind + smoke test | Checkout manifests | [command]/usr/bin/git config --local gc.auto 0
CD: Deploy to kind + smoke test | Checkout manifests | ##[endgroup]
CD: Deploy to kind + smoke test | Checkout manifests | ##[group]Setting up auth
CD: Deploy to kind + smoke test | Checkout manifests | Removing SSH command configuration
CD: Deploy to kind + smoke test | Checkout manifests | [command]/usr/bin/git config --local --name-only --get-regexp core\.sshCommand
CD: Deploy to kind + smoke test | Checkout manifests | [command]/usr/bin/git submodule foreach --recursive sh -c "git config --local --name-only --get-regexp 'core\.sshCommand' && git config --local --unset-all 'core.sshCommand' || :"
CD: Deploy to kind + smoke test | Checkout manifests | Removing HTTP extra header
CD: Deploy to kind + smoke test | Checkout manifests | [command]/usr/bin/git config --local --name-only --get-regexp http\.https\:\/\/github\.com\/\.extraheader
CD: Deploy to kind + smoke test | Checkout manifests | [command]/usr/bin/git submodule foreach --recursive sh -c "git config --local --name-only --get-regexp 'http\.https\:\/\/github\.com\/\.extraheader' && git config --local --unset-all 'http.https://github.com/.extraheader' || :"
CD: Deploy to kind + smoke test | Checkout manifests | Removing includeIf entries pointing to credentials config files
CD: Deploy to kind + smoke test | Checkout manifests | [command]/usr/bin/git config --local --name-only --get-regexp ^includeIf\.gitdir:
CD: Deploy to kind + smoke test | Checkout manifests | [command]/usr/bin/git submodule foreach --recursive git config --local --show-origin --name-only --get-regexp remote.origin.url
CD: Deploy to kind + smoke test | Checkout manifests | [command]/usr/bin/git config --file /home/runner/work/_temp/git-credentials-47763007-b10f-40f4-96fc-2cf8ae505f89.config http.https://github.com/.extraheader AUTHORIZATION: basic ***
CD: Deploy to kind + smoke test | Checkout manifests | [command]/usr/bin/git config --local includeIf.gitdir:/home/runner/work/devops-assignments/devops-assignments/.git.path /home/runner/work/_temp/git-credentials-47763007-b10f-40f4-96fc-2cf8ae505f89.config
CD: Deploy to kind + smoke test | Checkout manifests | [command]/usr/bin/git config --local includeIf.gitdir:/home/runner/work/devops-assignments/devops-assignments/.git/worktrees/*.path /home/runner/work/_temp/git-credentials-47763007-b10f-40f4-96fc-2cf8ae505f89.config
CD: Deploy to kind + smoke test | Checkout manifests | [command]/usr/bin/git config --local includeIf.gitdir:/github/workspace/.git.path /github/runner_temp/git-credentials-47763007-b10f-40f4-96fc-2cf8ae505f89.config
CD: Deploy to kind + smoke test | Checkout manifests | [command]/usr/bin/git config --local includeIf.gitdir:/github/workspace/.git/worktrees/*.path /github/runner_temp/git-credentials-47763007-b10f-40f4-96fc-2cf8ae505f89.config
CD: Deploy to kind + smoke test | Checkout manifests | ##[endgroup]
CD: Deploy to kind + smoke test | Checkout manifests | ##[group]Fetching the repository
CD: Deploy to kind + smoke test | Checkout manifests | [command]/usr/bin/git -c protocol.version=2 fetch --no-tags --prune --no-recurse-submodules --depth=1 origin +aad6094c7b9df37c04216f70746f4700b94e49bd:refs/remotes/origin/main
CD: Deploy to kind + smoke test | Checkout manifests | From https://github.com/Astro-Dude/devops-assignments
CD: Deploy to kind + smoke test | Checkout manifests |  * [new ref]         aad6094c7b9df37c04216f70746f4700b94e49bd -> origin/main
CD: Deploy to kind + smoke test | Checkout manifests | [command]/usr/bin/git branch --list --remote origin/main
CD: Deploy to kind + smoke test | Checkout manifests |   origin/main
CD: Deploy to kind + smoke test | Checkout manifests | [command]/usr/bin/git rev-parse refs/remotes/origin/main
CD: Deploy to kind + smoke test | Checkout manifests | aad6094c7b9df37c04216f70746f4700b94e49bd
CD: Deploy to kind + smoke test | Checkout manifests | ##[endgroup]
CD: Deploy to kind + smoke test | Checkout manifests | ##[group]Determining the checkout info
CD: Deploy to kind + smoke test | Checkout manifests | ##[endgroup]
CD: Deploy to kind + smoke test | Checkout manifests | [command]/usr/bin/git sparse-checkout disable
CD: Deploy to kind + smoke test | Checkout manifests | [command]/usr/bin/git config --local --unset-all extensions.worktreeConfig
CD: Deploy to kind + smoke test | Checkout manifests | ##[group]Checking out the ref
CD: Deploy to kind + smoke test | Checkout manifests | [command]/usr/bin/git checkout --progress --force -B main refs/remotes/origin/main
CD: Deploy to kind + smoke test | Checkout manifests | Switched to a new branch 'main'
CD: Deploy to kind + smoke test | Checkout manifests | branch 'main' set up to track 'origin/main'.
CD: Deploy to kind + smoke test | Checkout manifests | ##[endgroup]
CD: Deploy to kind + smoke test | Checkout manifests | [command]/usr/bin/git log -1 --format=%H
CD: Deploy to kind + smoke test | Checkout manifests | aad6094c7b9df37c04216f70746f4700b94e49bd
CD: Deploy to kind + smoke test | Download build artifact from the CI build job | ##[group]Run actions/download-artifact@v8
CD: Deploy to kind + smoke test | Download build artifact from the CI build job | with:
CD: Deploy to kind + smoke test | Download build artifact from the CI build job |   name: calculator-build
CD: Deploy to kind + smoke test | Download build artifact from the CI build job |   path: DevOps/16-github-actions/release
CD: Deploy to kind + smoke test | Download build artifact from the CI build job |   merge-multiple: false
CD: Deploy to kind + smoke test | Download build artifact from the CI build job |   repository: Astro-Dude/devops-assignments
CD: Deploy to kind + smoke test | Download build artifact from the CI build job |   run-id: 37627185543
CD: Deploy to kind + smoke test | Download build artifact from the CI build job |   skip-decompress: false
CD: Deploy to kind + smoke test | Download build artifact from the CI build job |   digest-mismatch: error
CD: Deploy to kind + smoke test | Download build artifact from the CI build job | env:
CD: Deploy to kind + smoke test | Download build artifact from the CI build job |   APP_DIR: DevOps/16-github-actions
CD: Deploy to kind + smoke test | Download build artifact from the CI build job |   IMAGE_NAME: ghcr.io/astro-dude/devops-assignments/s16-calculator
CD: Deploy to kind + smoke test | Download build artifact from the CI build job | ##[endgroup]
CD: Deploy to kind + smoke test | Download build artifact from the CI build job | Downloading single artifact
CD: Deploy to kind + smoke test | Download build artifact from the CI build job | Preparing to download the following artifacts:
CD: Deploy to kind + smoke test | Download build artifact from the CI build job | - calculator-build (ID: 11484457913, Size: 1705, Expected Digest: sha256:95aa01026ff9eb23555420fe19fd2828bf46f1f90194fba15e88d551e43d43ae)
CD: Deploy to kind + smoke test | Download build artifact from the CI build job | Redirecting to blob download url: https://productionresultssa12.blob.core.windows.net/actions-results/adcc21ae-aa90-8a3b-80d1-bab30f464886/workflow-job-run-a82b2315-448b-5e58-a82e-af27ea048128/artifacts/46758c4a8e070546d69f145dc97ed8fc99f5c46b6ef35cf5747ca60be6b1227b.zip
CD: Deploy to kind + smoke test | Download build artifact from the CI build job | Starting download of artifact to: /home/runner/work/devops-assignments/devops-assignments/DevOps/16-github-actions/release
CD: Deploy to kind + smoke test | Download build artifact from the CI build job | (node:2283) [DEP0005] DeprecationWarning: Buffer() is deprecated due to security and usability issues. Please use the Buffer.alloc(), Buffer.allocUnsafe(), or Buffer.from() methods instead.
CD: Deploy to kind + smoke test | Download build artifact from the CI build job | (Use `node --trace-deprecation ...` to show where the warning was created)
CD: Deploy to kind + smoke test | Download build artifact from the CI build job | SHA256 digest of downloaded artifact is 95aa01026ff9eb23555420fe19fd2828bf46f1f90194fba15e88d551e43d43ae
CD: Deploy to kind + smoke test | Download build artifact from the CI build job | Artifact download completed successfully.
CD: Deploy to kind + smoke test | Download build artifact from the CI build job | Total of 1 artifact(s) downloaded
CD: Deploy to kind + smoke test | Download build artifact from the CI build job | Download artifact has finished successfully
CD: Deploy to kind + smoke test | Show what is being deployed | ##[group]Run cat release/build-info.txt
CD: Deploy to kind + smoke test | Show what is being deployed | cat release/build-info.txt
CD: Deploy to kind + smoke test | Show what is being deployed | (cd release && sha256sum -c SHA256SUMS)
CD: Deploy to kind + smoke test | Show what is being deployed | echo "Image: ghcr.io/astro-dude/devops-assignments/s16-calculator:aad6094c7b9df37c04216f70746f4700b94e49bd"
CD: Deploy to kind + smoke test | Show what is being deployed | shell: /usr/bin/bash --noprofile --norc -e -o pipefail {0}
CD: Deploy to kind + smoke test | Show what is being deployed | env:
CD: Deploy to kind + smoke test | Show what is being deployed |   APP_DIR: DevOps/16-github-actions
CD: Deploy to kind + smoke test | Show what is being deployed |   IMAGE_NAME: ghcr.io/astro-dude/devops-assignments/s16-calculator
CD: Deploy to kind + smoke test | Show what is being deployed | ##[endgroup]
CD: Deploy to kind + smoke test | Show what is being deployed | Application : s16-calculator
CD: Deploy to kind + smoke test | Show what is being deployed | Version     : 1.0.0
CD: Deploy to kind + smoke test | Show what is being deployed | Git SHA     : aad6094c7b9df37c04216f70746f4700b94e49bd
CD: Deploy to kind + smoke test | Show what is being deployed | Built at    : 2026-10-07T13:17:48Z
CD: Deploy to kind + smoke test | Show what is being deployed | Built on    : GitHub Actions 1000001558 (Linux)
CD: Deploy to kind + smoke test | Show what is being deployed | Workflow run: 37627185543
CD: Deploy to kind + smoke test | Show what is being deployed | ./s16-calculator-1.0.0.tar.gz: OK
CD: Deploy to kind + smoke test | Show what is being deployed | Image: ghcr.io/astro-dude/devops-assignments/s16-calculator:aad6094c7b9df37c04216f70746f4700b94e49bd
CD: Deploy to kind + smoke test | Create kind cluster on the runner | ##[group]Run helm/kind-action@v1.15.1
CD: Deploy to kind + smoke test | Create kind cluster on the runner | with:
CD: Deploy to kind + smoke test | Create kind cluster on the runner |   cluster_name: s16-ci
CD: Deploy to kind + smoke test | Create kind cluster on the runner |   version: v0.33.0
CD: Deploy to kind + smoke test | Create kind cluster on the runner |   wait: 60s
CD: Deploy to kind + smoke test | Create kind cluster on the runner |   verbosity: 0
CD: Deploy to kind + smoke test | Create kind cluster on the runner |   kubectl_version: v1.37.1
CD: Deploy to kind + smoke test | Create kind cluster on the runner |   registry: false
CD: Deploy to kind + smoke test | Create kind cluster on the runner |   registry_image: registry:2
CD: Deploy to kind + smoke test | Create kind cluster on the runner |   registry_name: kind-registry
CD: Deploy to kind + smoke test | Create kind cluster on the runner |   registry_port: 5000
CD: Deploy to kind + smoke test | Create kind cluster on the runner |   registry_enable_delete: false
CD: Deploy to kind + smoke test | Create kind cluster on the runner |   install_only: false
CD: Deploy to kind + smoke test | Create kind cluster on the runner |   ignore_failed_clean: false
CD: Deploy to kind + smoke test | Create kind cluster on the runner |   cloud_provider: false
CD: Deploy to kind + smoke test | Create kind cluster on the runner | env:
CD: Deploy to kind + smoke test | Create kind cluster on the runner |   APP_DIR: DevOps/16-github-actions
CD: Deploy to kind + smoke test | Create kind cluster on the runner |   IMAGE_NAME: ghcr.io/astro-dude/devops-assignments/s16-calculator
CD: Deploy to kind + smoke test | Create kind cluster on the runner | ##[endgroup]
CD: Deploy to kind + smoke test | Create kind cluster on the runner | Installing kind...
CD: Deploy to kind + smoke test | Create kind cluster on the runner | /opt/hostedtoolcache/kind/v0.33.0/amd64/kind/bin ~/work/devops-assignments/devops-assignments
CD: Deploy to kind + smoke test | Create kind cluster on the runner | kind-linux-amd64: OK
CD: Deploy to kind + smoke test | Create kind cluster on the runner | ~/work/devops-assignments/devops-assignments
CD: Deploy to kind + smoke test | Create kind cluster on the runner | Adding kind directory to PATH...
CD: Deploy to kind + smoke test | Create kind cluster on the runner | Installing kubectl...
CD: Deploy to kind + smoke test | Create kind cluster on the runner | /opt/hostedtoolcache/kind/v0.33.0/amd64/kubectl/bin ~/work/devops-assignments/devops-assignments
CD: Deploy to kind + smoke test | Create kind cluster on the runner | kubectl: OK
CD: Deploy to kind + smoke test | Create kind cluster on the runner | ~/work/devops-assignments/devops-assignments
CD: Deploy to kind + smoke test | Create kind cluster on the runner | Adding kubectl directory to PATH...
CD: Deploy to kind + smoke test | Create kind cluster on the runner | kind v0.33.0 go1.26.7 linux/amd64
CD: Deploy to kind + smoke test | Create kind cluster on the runner | Client Version: v1.37.1
CD: Deploy to kind + smoke test | Create kind cluster on the runner | Kustomize Version: v5.8.1
CD: Deploy to kind + smoke test | Create kind cluster on the runner | Creating kind cluster...
CD: Deploy to kind + smoke test | Create kind cluster on the runner | Creating cluster "s16-ci" ...
CD: Deploy to kind + smoke test | Create kind cluster on the runner |  • Ensuring node image (kindest/node:v1.37.0) 🖼️  ...
CD: Deploy to kind + smoke test | Create kind cluster on the runner |  ✓ Ensuring node image (kindest/node:v1.37.0) 🖼️
CD: Deploy to kind + smoke test | Create kind cluster on the runner |  • Preparing nodes 📦   ...
CD: Deploy to kind + smoke test | Create kind cluster on the runner |  ✓ Preparing nodes 📦 
CD: Deploy to kind + smoke test | Create kind cluster on the runner |  • Writing configuration 📜  ...
CD: Deploy to kind + smoke test | Create kind cluster on the runner |  ✓ Writing configuration 📜
CD: Deploy to kind + smoke test | Create kind cluster on the runner |  • Starting control-plane 🕹️  ...
CD: Deploy to kind + smoke test | Create kind cluster on the runner |  ✓ Starting control-plane 🕹️
CD: Deploy to kind + smoke test | Create kind cluster on the runner |  • Installing CNI 🔌  ...
CD: Deploy to kind + smoke test | Create kind cluster on the runner |  ✓ Installing CNI 🔌
CD: Deploy to kind + smoke test | Create kind cluster on the runner |  • Installing StorageClass 💾  ...
CD: Deploy to kind + smoke test | Create kind cluster on the runner |  ✓ Installing StorageClass 💾
CD: Deploy to kind + smoke test | Create kind cluster on the runner |  • Waiting ≤ 1m0s for control-plane = Ready ⏳  ...
CD: Deploy to kind + smoke test | Create kind cluster on the runner |  ✓ Waiting ≤ 1m0s for control-plane = Ready ⏳
CD: Deploy to kind + smoke test | Create kind cluster on the runner |  • Ready after 19s 💚
CD: Deploy to kind + smoke test | Create kind cluster on the runner | Set kubectl context to "kind-s16-ci"
CD: Deploy to kind + smoke test | Create kind cluster on the runner | You can now use your cluster with:
CD: Deploy to kind + smoke test | Create kind cluster on the runner | 
CD: Deploy to kind + smoke test | Create kind cluster on the runner | kubectl cluster-info --context kind-s16-ci
CD: Deploy to kind + smoke test | Create kind cluster on the runner | 
CD: Deploy to kind + smoke test | Create kind cluster on the runner | Have a question, bug, or feature request? Let us know! https://kind.sigs.k8s.io/#community 🙂
CD: Deploy to kind + smoke test | Create image pull secret from GITHUB_TOKEN | ##[group]Run kubectl create secret docker-registry ghcr-pull \
CD: Deploy to kind + smoke test | Create image pull secret from GITHUB_TOKEN | kubectl create secret docker-registry ghcr-pull \
CD: Deploy to kind + smoke test | Create image pull secret from GITHUB_TOKEN |   --docker-server=ghcr.io \
CD: Deploy to kind + smoke test | Create image pull secret from GITHUB_TOKEN |   --docker-username=Astro-Dude \
CD: Deploy to kind + smoke test | Create image pull secret from GITHUB_TOKEN |   --docker-***
CD: Deploy to kind + smoke test | Create image pull secret from GITHUB_TOKEN | shell: /usr/bin/bash --noprofile --norc -e -o pipefail {0}
CD: Deploy to kind + smoke test | Create image pull secret from GITHUB_TOKEN | env:
CD: Deploy to kind + smoke test | Create image pull secret from GITHUB_TOKEN |   APP_DIR: DevOps/16-github-actions
CD: Deploy to kind + smoke test | Create image pull secret from GITHUB_TOKEN |   IMAGE_NAME: ghcr.io/astro-dude/devops-assignments/s16-calculator
CD: Deploy to kind + smoke test | Create image pull secret from GITHUB_TOKEN | ##[endgroup]
CD: Deploy to kind + smoke test | Create image pull secret from GITHUB_TOKEN | secret/ghcr-pull created
CD: Deploy to kind + smoke test | Deploy | ##[group]Run sed "s|IMAGE_PLACEHOLDER|ghcr.io/astro-dude/devops-assignments/s16-calculator:aad6094c7b9df37c04216f70746f4700b94e49bd|" k8s/deployment.yaml | kubectl apply -f -
CD: Deploy to kind + smoke test | Deploy | sed "s|IMAGE_PLACEHOLDER|ghcr.io/astro-dude/devops-assignments/s16-calculator:aad6094c7b9df37c04216f70746f4700b94e49bd|" k8s/deployment.yaml | kubectl apply -f -
CD: Deploy to kind + smoke test | Deploy | kubectl apply -f k8s/service.yaml
CD: Deploy to kind + smoke test | Deploy | kubectl rollout status deployment/s16-calculator --timeout=180s
CD: Deploy to kind + smoke test | Deploy | kubectl get deploy,rs,pods,svc -o wide
CD: Deploy to kind + smoke test | Deploy | shell: /usr/bin/bash --noprofile --norc -e -o pipefail {0}
CD: Deploy to kind + smoke test | Deploy | env:
CD: Deploy to kind + smoke test | Deploy |   APP_DIR: DevOps/16-github-actions
CD: Deploy to kind + smoke test | Deploy |   IMAGE_NAME: ghcr.io/astro-dude/devops-assignments/s16-calculator
CD: Deploy to kind + smoke test | Deploy | ##[endgroup]
CD: Deploy to kind + smoke test | Deploy | deployment.apps/s16-calculator created
CD: Deploy to kind + smoke test | Deploy | service/s16-calculator created
CD: Deploy to kind + smoke test | Deploy | Waiting for deployment "s16-calculator" rollout to finish: 0 of 2 updated replicas are available...
CD: Deploy to kind + smoke test | Deploy | Waiting for deployment "s16-calculator" rollout to finish: 1 of 2 updated replicas are available...
CD: Deploy to kind + smoke test | Deploy | deployment "s16-calculator" successfully rolled out
CD: Deploy to kind + smoke test | Deploy | NAME                             READY   UP-TO-DATE   AVAILABLE   AGE   CONTAINERS   IMAGES                                                                                          SELECTOR
CD: Deploy to kind + smoke test | Deploy | deployment.apps/s16-calculator   2/2     2            2           7s    app          ghcr.io/astro-dude/devops-assignments/s16-calculator:aad6094c7b9df37c04216f70746f4700b94e49bd   app=s16-calculator
CD: Deploy to kind + smoke test | Deploy | 
CD: Deploy to kind + smoke test | Deploy | NAME                                        DESIRED   CURRENT   READY   AGE   CONTAINERS   IMAGES                                                                                          SELECTOR
CD: Deploy to kind + smoke test | Deploy | replicaset.apps/s16-calculator-6d9c69985d   2         2         2       7s    app          ghcr.io/astro-dude/devops-assignments/s16-calculator:aad6094c7b9df37c04216f70746f4700b94e49bd   app=s16-calculator,pod-template-hash=6d9c69985d
CD: Deploy to kind + smoke test | Deploy | 
CD: Deploy to kind + smoke test | Deploy | NAME                                  READY   STATUS    RESTARTS   AGE   IP           NODE                   NOMINATED NODE   READINESS GATES
CD: Deploy to kind + smoke test | Deploy | pod/s16-calculator-6d9c69985d-8wgd2   1/1     Running   0          7s    10.244.0.5   s16-ci-control-plane   <none>           <none>
CD: Deploy to kind + smoke test | Deploy | pod/s16-calculator-6d9c69985d-z4w4b   1/1     Running   0          7s    10.244.0.6   s16-ci-control-plane   <none>           <none>
CD: Deploy to kind + smoke test | Deploy | 
CD: Deploy to kind + smoke test | Deploy | NAME                     TYPE        CLUSTER-IP     EXTERNAL-IP   PORT(S)   AGE   SELECTOR
CD: Deploy to kind + smoke test | Deploy | service/kubernetes       ClusterIP   10.96.0.1      <none>        443/TCP   29s   <none>
CD: Deploy to kind + smoke test | Deploy | service/s16-calculator   ClusterIP   10.96.114.84   <none>        80/TCP    7s    app=s16-calculator
CD: Deploy to kind + smoke test | Smoke test the deployment | ##[group]Run kubectl port-forward svc/s16-calculator 8080:80 >/tmp/pf.log 2>&1 &
CD: Deploy to kind + smoke test | Smoke test the deployment | kubectl port-forward svc/s16-calculator 8080:80 >/tmp/pf.log 2>&1 &
CD: Deploy to kind + smoke test | Smoke test the deployment | for _ in $(seq 1 20); do curl -fsS localhost:8080/health && break; sleep 1; done
CD: Deploy to kind + smoke test | Smoke test the deployment | echo
CD: Deploy to kind + smoke test | Smoke test the deployment | info=$(curl -fsS localhost:8080/); echo "$info" | jq .
CD: Deploy to kind + smoke test | Smoke test the deployment | test "$(echo "$info" | jq -r .git_sha)" = "aad6094c7b9df37c04216f70746f4700b94e49bd"
CD: Deploy to kind + smoke test | Smoke test the deployment | curl -fsS "localhost:8080/api/add?a=2&b=3" | jq -e '.result == 5'
CD: Deploy to kind + smoke test | Smoke test the deployment | code=$(curl -s -o /dev/null -w '%{http_code}' "localhost:8080/api/divide?a=1&b=0")
CD: Deploy to kind + smoke test | Smoke test the deployment | echo "divide by zero -> HTTP $code"; test "$code" = 400
CD: Deploy to kind + smoke test | Smoke test the deployment | {
CD: Deploy to kind + smoke test | Smoke test the deployment |   echo "### Deployed to kind"
CD: Deploy to kind + smoke test | Smoke test the deployment |   echo '```'
CD: Deploy to kind + smoke test | Smoke test the deployment |   kubectl get pods -o wide
CD: Deploy to kind + smoke test | Smoke test the deployment |   echo '```'
CD: Deploy to kind + smoke test | Smoke test the deployment |   echo "Smoke test passed: running pod reports git_sha \`aad6094c7b9df37c04216f70746f4700b94e49bd\`"
CD: Deploy to kind + smoke test | Smoke test the deployment | } >> "$GITHUB_STEP_SUMMARY"
CD: Deploy to kind + smoke test | Smoke test the deployment | shell: /usr/bin/bash --noprofile --norc -e -o pipefail {0}
CD: Deploy to kind + smoke test | Smoke test the deployment | env:
CD: Deploy to kind + smoke test | Smoke test the deployment |   APP_DIR: DevOps/16-github-actions
CD: Deploy to kind + smoke test | Smoke test the deployment |   IMAGE_NAME: ghcr.io/astro-dude/devops-assignments/s16-calculator
CD: Deploy to kind + smoke test | Smoke test the deployment | ##[endgroup]
CD: Deploy to kind + smoke test | Smoke test the deployment | curl: (7) Failed to connect to localhost port 8080 after 0 ms: Couldn't connect to server
CD: Deploy to kind + smoke test | Smoke test the deployment | {"status":"ok"}
CD: Deploy to kind + smoke test | Smoke test the deployment | 
CD: Deploy to kind + smoke test | Smoke test the deployment | {
CD: Deploy to kind + smoke test | Smoke test the deployment |   "git_sha": "aad6094c7b9df37c04216f70746f4700b94e49bd",
CD: Deploy to kind + smoke test | Smoke test the deployment |   "hostname": "s16-calculator-6d9c69985d-8wgd2",
CD: Deploy to kind + smoke test | Smoke test the deployment |   "operations": [
CD: Deploy to kind + smoke test | Smoke test the deployment |     "add",
CD: Deploy to kind + smoke test | Smoke test the deployment |     "divide",
CD: Deploy to kind + smoke test | Smoke test the deployment |     "multiply",
CD: Deploy to kind + smoke test | Smoke test the deployment |     "subtract"
CD: Deploy to kind + smoke test | Smoke test the deployment |   ],
CD: Deploy to kind + smoke test | Smoke test the deployment |   "service": "s16-calculator",
CD: Deploy to kind + smoke test | Smoke test the deployment |   "version": "1.0.0"
CD: Deploy to kind + smoke test | Smoke test the deployment | }
CD: Deploy to kind + smoke test | Smoke test the deployment | true
CD: Deploy to kind + smoke test | Smoke test the deployment | divide by zero -> HTTP 400
CD: Deploy to kind + smoke test | Post Create kind cluster on the runner | Post job cleanup.
CD: Deploy to kind + smoke test | Post Create kind cluster on the runner | Error response from daemon: No such container: kind-registry
CD: Deploy to kind + smoke test | Post Create kind cluster on the runner | Deleting cluster "s16-ci" ...
CD: Deploy to kind + smoke test | Post Create kind cluster on the runner | Deleted nodes: ["s16-ci-control-plane"]
CD: Deploy to kind + smoke test | Post Checkout manifests | Post job cleanup.
CD: Deploy to kind + smoke test | Post Checkout manifests | [command]/usr/bin/git version
CD: Deploy to kind + smoke test | Post Checkout manifests | git version 2.55.0
CD: Deploy to kind + smoke test | Post Checkout manifests | Temporarily overriding HOME='/home/runner/work/_temp/5bb839c2-ddc7-4f6b-bd20-b11e63f321dd' before making global git config changes
CD: Deploy to kind + smoke test | Post Checkout manifests | Adding repository directory to the temporary git global config as a safe directory
CD: Deploy to kind + smoke test | Post Checkout manifests | [command]/usr/bin/git config --global --add safe.directory /home/runner/work/devops-assignments/devops-assignments
CD: Deploy to kind + smoke test | Post Checkout manifests | Removing SSH command configuration
CD: Deploy to kind + smoke test | Post Checkout manifests | [command]/usr/bin/git config --local --name-only --get-regexp core\.sshCommand
CD: Deploy to kind + smoke test | Post Checkout manifests | [command]/usr/bin/git submodule foreach --recursive sh -c "git config --local --name-only --get-regexp 'core\.sshCommand' && git config --local --unset-all 'core.sshCommand' || :"
CD: Deploy to kind + smoke test | Post Checkout manifests | Removing HTTP extra header
CD: Deploy to kind + smoke test | Post Checkout manifests | [command]/usr/bin/git config --local --name-only --get-regexp http\.https\:\/\/github\.com\/\.extraheader
CD: Deploy to kind + smoke test | Post Checkout manifests | [command]/usr/bin/git submodule foreach --recursive sh -c "git config --local --name-only --get-regexp 'http\.https\:\/\/github\.com\/\.extraheader' && git config --local --unset-all 'http.https://github.com/.extraheader' || :"
CD: Deploy to kind + smoke test | Post Checkout manifests | Removing includeIf entries pointing to credentials config files
CD: Deploy to kind + smoke test | Post Checkout manifests | [command]/usr/bin/git config --local --name-only --get-regexp ^includeIf\.gitdir:
CD: Deploy to kind + smoke test | Post Checkout manifests | includeif.gitdir:/home/runner/work/devops-assignments/devops-assignments/.git.path
CD: Deploy to kind + smoke test | Post Checkout manifests | includeif.gitdir:/home/runner/work/devops-assignments/devops-assignments/.git/worktrees/*.path
CD: Deploy to kind + smoke test | Post Checkout manifests | includeif.gitdir:/github/workspace/.git.path
CD: Deploy to kind + smoke test | Post Checkout manifests | includeif.gitdir:/github/workspace/.git/worktrees/*.path
CD: Deploy to kind + smoke test | Post Checkout manifests | [command]/usr/bin/git config --local --get-all includeif.gitdir:/home/runner/work/devops-assignments/devops-assignments/.git.path
CD: Deploy to kind + smoke test | Post Checkout manifests | /home/runner/work/_temp/git-credentials-47763007-b10f-40f4-96fc-2cf8ae505f89.config
CD: Deploy to kind + smoke test | Post Checkout manifests | [command]/usr/bin/git config --local --unset includeif.gitdir:/home/runner/work/devops-assignments/devops-assignments/.git.path \/home\/runner\/work\/_temp\/git\-credentials\-47763007\-b10f\-40f4\-96fc\-2cf8ae505f89\.config
CD: Deploy to kind + smoke test | Post Checkout manifests | [command]/usr/bin/git config --local --get-all includeif.gitdir:/home/runner/work/devops-assignments/devops-assignments/.git/worktrees/*.path
CD: Deploy to kind + smoke test | Post Checkout manifests | /home/runner/work/_temp/git-credentials-47763007-b10f-40f4-96fc-2cf8ae505f89.config
CD: Deploy to kind + smoke test | Post Checkout manifests | [command]/usr/bin/git config --local --unset includeif.gitdir:/home/runner/work/devops-assignments/devops-assignments/.git/worktrees/*.path \/home\/runner\/work\/_temp\/git\-credentials\-47763007\-b10f\-40f4\-96fc\-2cf8ae505f89\.config
CD: Deploy to kind + smoke test | Post Checkout manifests | [command]/usr/bin/git config --local --get-all includeif.gitdir:/github/workspace/.git.path
CD: Deploy to kind + smoke test | Post Checkout manifests | /github/runner_temp/git-credentials-47763007-b10f-40f4-96fc-2cf8ae505f89.config
CD: Deploy to kind + smoke test | Post Checkout manifests | [command]/usr/bin/git config --local --unset includeif.gitdir:/github/workspace/.git.path \/github\/runner_temp\/git\-credentials\-47763007\-b10f\-40f4\-96fc\-2cf8ae505f89\.config
CD: Deploy to kind + smoke test | Post Checkout manifests | [command]/usr/bin/git config --local --get-all includeif.gitdir:/github/workspace/.git/worktrees/*.path
CD: Deploy to kind + smoke test | Post Checkout manifests | /github/runner_temp/git-credentials-47763007-b10f-40f4-96fc-2cf8ae505f89.config
CD: Deploy to kind + smoke test | Post Checkout manifests | [command]/usr/bin/git config --local --unset includeif.gitdir:/github/workspace/.git/worktrees/*.path \/github\/runner_temp\/git\-credentials\-47763007\-b10f\-40f4\-96fc\-2cf8ae505f89\.config
CD: Deploy to kind + smoke test | Post Checkout manifests | [command]/usr/bin/git submodule foreach --recursive git config --local --show-origin --name-only --get-regexp remote.origin.url
CD: Deploy to kind + smoke test | Post Checkout manifests | Removing credentials config '/home/runner/work/_temp/git-credentials-47763007-b10f-40f4-96fc-2cf8ae505f89.config'
CD: Deploy to kind + smoke test | Complete job | Cleaning up orphan processes
